_id,_name,_parent
2001,Phường Phúc Xá,1
2004,Phường Trúc Bạch,1
2006,Phường Vĩnh Phúc,1
2007,Phường Cống Vị,1
2008,Phường Liễu Giai,1
2013,Phường Quán Thánh,1
2016,Phường Ngọc Hà,1
2019,Phường Điện Biên,1
2022,Phường Đội Cấn,1
2025,Phường Ngọc Khánh,1
2028,Phường Kim Mã,1
2031,Phường Giảng Võ,1
2034,Phường Thành Công,1
2037,Phường Phúc Tân,1
2040,Phường Đồng Xuân,1
2043,Phường Hàng Mã,1
2046,Phường Hàng Buồm,1
2049,Phường Hàng Đào,1
2052,Phường Hàng Bồ,1
2055,Phường Cửa Đông,1
2058,Phường Lý Thái Tổ,1
2061,Phường Hàng Bạc,1
2064,Phường Hàng Gai,1
2067,Phường Chương Dương,1
2070,Phường Hàng Trống,1
2073,Phường Cửa Nam,1
2076,Phường Hàng Bông,1
2079,Phường Tràng Tiền,1
2082,Phường Trần Hưng Đạo,1
2085,Phường Phan Chu Trinh,1
2088,Phường Hàng Bài,1
2091,Phường Phú Thượng,1
2094,Phường Nhật Tân,1
2097,Phường Tứ Liên,1
2100,Phường Quảng An,1
2103,Phường Xuân La,1
2106,Phường Yên Phụ,1
2109,Phường Bưởi,1
2112,Phường Thụy Khuê,1
2115,Phường Thượng Thanh,1
2118,Phường Ngọc Thụy,1
2121,Phường Giang Biên,1
2124,Phường Đức Giang,1
2127,Phường Việt Hưng,1
2130,Phường Gia Thụy,1
2133,Phường Ngọc Lâm,1
2136,Phường Phúc Lợi,1
2139,Phường Bồ Đề,1
2145,Phường Long Biên,1
2148,Phường Thạch Bàn,1
2151,Phường Phúc Đồng,1
2154,Phường Cự Khối,1
2157,Phường Nghĩa Đô,1
2160,Phường Nghĩa Tân,1
2163,Phường Mai Dịch,1
2166,Phường Dịch Vọng,1
2167,Phường Dịch Vọng Hậu,1
2169,Phường Quan Hoa,1
2172,Phường Yên Hoà,1
2175,Phường Trung Hoà,1
2178,Phường Cát Linh,1
2181,Phường Văn Miếu - Quốc Tử Giám,1
2187,Phường Láng Thượng,1
2190,Phường Ô Chợ Dừa,1
2193,Phường Văn Chương,1
2196,Phường Hàng Bột,1
2199,Phường Láng Hạ,1
2202,Phường Khâm Thiên,1
2205,Phường Thổ Quan,1
2208,Phường Nam Đồng,1
2214,Phường Quang Trung,1
2217,Phường Trung Liệt,1
2226,Phường Phương Liên - Trung Tự,1
2229,Phường Kim Liên,1
2232,Phường Phương Mai,1
2235,Phường Thịnh Quang,1
2236,Phường Ngã Tư Sở,1
2238,Phường Khương Thượng,1
2241,Phường Nguyễn Du,1
2244,Phường Bạch Đằng,1
2247,Phường Phạm Đình Hổ,1
2256,Phường Lê Đại Hành,1
2259,Phường Đồng Nhân,1
2262,Phường Phố Huế,1
2268,Phường Thanh Lương,1
2271,Phường Thanh Nhàn,1
2277,Phường Bách Khoa,1
2280,Phường Đồng Tâm,1
2283,Phường Vĩnh Tuy,1
2289,Phường Quỳnh Mai,1
2292,Phường Bạch Mai,1
2295,Phường Minh Khai,1
2298,Phường Trương Định,1
2301,Phường Thanh Trì,1
2304,Phường Vĩnh Hưng,1
2307,Phường Định Công,1
2310,Phường Mai Động,1
2313,Phường Tương Mai,1
2316,Phường Đại Kim,1
2319,Phường Tân Mai,1
2322,Phường Hoàng Văn Thụ,1
2325,Phường Giáp Bát,1
2328,Phường Lĩnh Nam,1
2331,Phường Thịnh Liệt,1
2334,Phường Trần Phú,1
2337,Phường Hoàng Liệt,1
2340,Phường Yên Sở,1
2343,Phường Nhân Chính,1
2346,Phường Thượng Đình,1
2349,Phường Khương Trung,1
2352,Phường Khương Mai,1
2355,Phường Thanh Xuân Trung,1
2358,Phường Phương Liệt,1
2364,Phường Khương Đình,1
2367,Phường Thanh Xuân Bắc,1
2373,Phường Hạ Đình,1
2376,Thị trấn Sóc Sơn,1
2379,Xã Bắc Sơn,1
2382,Xã Minh Trí,1
2385,Xã Hồng Kỳ,1
2388,Xã Nam Sơn,1
2391,Xã Trung Giã,1
2394,Xã Tân Hưng,1
2397,Xã Minh Phú,1
2400,Xã Phù Linh,1
2403,Xã Bắc Phú,1
2406,Xã Tân Minh,1
2409,Xã Quang Tiến,1
2412,Xã Hiền Ninh,1
2415,Xã Tân Dân,1
2418,Xã Tiên Dược,1
2421,Xã Việt Long,1
2424,Xã Xuân Giang,1
2427,Xã Mai Đình,1
2430,Xã Đức Hoà,1
2433,Xã Thanh Xuân,1
2436,Xã Đông Xuân,1
2439,Xã Kim Lũ,1
2442,Xã Phú Cường,1
2445,Xã Phú Minh,1
2448,Xã Phù Lỗ,1
2451,Xã Xuân Thu,1
2454,Thị trấn Đông Anh,1
2457,Xã Xuân Nộn,1
2460,Xã Thuỵ Lâm,1
2463,Xã Bắc Hồng,1
2466,Xã Nguyên Khê,1
2469,Xã Nam Hồng,1
2472,Xã Tiên Dương,1
2475,Xã Vân Hà,1
2478,Xã Uy Nỗ,1
2481,Xã Vân Nội,1
2484,Xã Liên Hà,1
2487,Xã Việt Hùng,1
2490,Xã Kim Nỗ,1
2493,Xã Kim Chung,1
2496,Xã Dục Tú,1
2499,Xã Đại Mạch,1
2502,Xã Vĩnh Ngọc,1
2505,Xã Cổ Loa,1
2508,Xã Hải Bối,1
2511,Xã Xuân Canh,1
2514,Xã Võng La,1
2517,Xã Tàm Xá,1
2520,Xã Mai Lâm,1
2523,Xã Đông Hội,1
2526,Thị trấn Yên Viên,1
2529,Xã Yên Thường,1
2532,Xã Yên Viên,1
2535,Xã Ninh Hiệp,1
2541,Xã Thiên Đức,1
2544,Xã Phù Đổng,1
2550,Xã Lệ Chi,1
2553,Xã Cổ Bi,1
2556,Xã Đặng Xá,1
2562,Xã Phú Sơn,1
2565,Thị trấn Trâu Quỳ,1
2568,Xã Dương Quang,1
2571,Xã Dương Xá,1
2577,Xã Đa Tốn,1
2580,Xã Kiêu Kỵ,1
2583,Xã Bát Tràng,1
2589,Xã Kim Đức,1
2592,Phường Cầu Diễn,1
2622,Phường Xuân Phương,1
2623,Phường Phương Canh,1
2625,Phường Mỹ Đình 1,1
2626,Phường Mỹ Đình 2,1
2628,Phường Tây Mỗ,1
2631,Phường Mễ Trì,1
2632,Phường Phú Đô,1
2634,Phường Đại Mỗ,1
2637,Phường Trung Văn,1
2640,Thị trấn Văn Điển,1
2643,Xã Tân Triều,1
2646,Xã Thanh Liệt,1
2649,Xã Tả Thanh Oai,1
2652,Xã Hữu Hoà,1
2655,Xã Tam Hiệp,1
2658,Xã Tứ Hiệp,1
2661,Xã Yên Mỹ,1
2664,Xã Vĩnh Quỳnh,1
2667,Xã Ngũ Hiệp,1
2670,Xã Duyên Hà,1
2673,Xã Ngọc Hồi,1
2676,Xã Vạn Phúc,1
2679,Xã Đại áng,1
2682,Xã Liên Ninh,1
2685,Xã Đông Mỹ,1
2595,Phường Thượng Cát,1
2598,Phường Liên Mạc,1
2601,Phường Đông Ngạc,1
2602,Phường Đức Thắng,1
2604,Phường Thụy Phương,1
2607,Phường Tây Tựu,1
2610,Phường Xuân Đỉnh,1
2611,Phường Xuân Tảo,1
2613,Phường Minh Khai,1
2616,Phường Cổ Nhuế 1,1
2617,Phường Cổ Nhuế 2,1
2619,Phường Phú Diễn,1
2620,Phường Phúc Diễn,1
10973,Thị trấn Chi Đông,1
10974,Xã Đại Thịnh,1
10977,Xã Kim Hoa,1
10980,Xã Thạch Đà,1
10983,Xã Tiến Thắng,1
10986,Xã Tự Lập,1
10989,Thị trấn Quang Minh,1
10992,Xã Thanh Lâm,1
10995,Xã Tam Đồng,1
10998,Xã Liên Mạc,1
11004,Xã Chu Phan,1
11007,Xã Tiến Thịnh,1
11010,Xã Mê Linh,1
11013,Xã Văn Khê,1
11016,Xã Hoàng Kim,1
11019,Xã Tiền Phong,1
11022,Xã Tráng Việt,1
11538,Phường Quang Trung,1
11541,Phường Mộ Lao,1
11542,Phường Văn Quán,1
11544,Phường Vạn Phúc,1
11551,Phường La Khê,1
11552,Phường Phú La,1
11553,Phường Phúc La,1
11556,Phường Hà Cầu,1
11562,Phường Yên Nghĩa,1
11565,Phường Kiến Hưng,1
11568,Phường Phú Lãm,1
11571,Phường Phú Lương,1
11886,Phường Dương Nội,1
12117,Phường Đồng Mai,1
12123,Phường Biên Giang,1
11574,Phường Ngô Quyền,1
11577,Phường Phú Thịnh,1
11586,Phường Sơn Lộc,1
11589,Phường Xuân Khanh,1
11592,Xã Đường Lâm,1
11595,Phường Viên Sơn,1
11598,Xã Xuân Sơn,1
11601,Phường Trung Hưng,1
11604,Xã Thanh Mỹ,1
11607,Phường Trung Sơn Trầm,1
11610,Xã Kim Sơn,1
11613,Xã Sơn Đông,1
11616,Xã Cổ Đông,1
11619,Thị trấn Tây Đằng,1
11625,Xã Phú Cường,1
11628,Xã Cổ Đô,1
11634,Xã Vạn Thắng,1
11640,Xã Phong Vân,1
11643,Xã Phú Đông,1
11646,Xã Phú Hồng,1
11649,Xã Phú Châu,1
11652,Xã Thái Hòa,1
11655,Xã Đồng Thái,1
11658,Xã Phú Sơn,1
11661,Xã Minh Châu,1
11664,Xã Vật Lại,1
11667,Xã Chu Minh,1
11670,Xã Tòng Bạt,1
11673,Xã Cẩm Lĩnh,1
11676,Xã Sơn Đà,1
11679,Xã Đông Quang,1
11682,Xã Tiên Phong,1
11685,Xã Thụy An,1
11688,Xã Cam Thượng,1
11691,Xã Thuần Mỹ,1
11694,Xã Tản Lĩnh,1
11697,Xã Ba Trại,1
11700,Xã Minh Quang,1
11703,Xã Ba Vì,1
11706,Xã Vân Hòa,1
11709,Xã Yên Bài,1
11712,Xã Khánh Thượng,1
11715,Thị trấn Phúc Thọ,1
11721,Xã Vân Phúc,1
11724,Xã Nam Hà,1
11727,Xã Xuân Đình,1
11733,Xã Sen Phương,1
11739,Xã Võng Xuyên,1
11742,Xã Tích Lộc,1
11745,Xã Long Thượng,1
11751,Xã Hát Môn,1
11757,Xã Thanh Đa,1
11760,Xã Trạch Mỹ Lộc,1
11763,Xã Phúc Hòa,1
11766,Xã Ngọc Tảo,1
11769,Xã Phụng Thượng,1
11772,Xã Tam Thuấn,1
11775,Xã Tam Hiệp,1
11778,Xã Hiệp Thuận,1
11781,Xã Liên Hiệp,1
11784,Thị trấn Phùng,1
11787,Xã Trung Châu,1
11790,Xã Thọ An,1
11793,Xã Thọ Xuân,1
11796,Xã Hồng Hà,1
11799,Xã Liên Hồng,1
11802,Xã Liên Hà,1
11805,Xã Hạ Mỗ,1
11808,Xã Liên Trung,1
11811,Xã Phương Đình,1
11814,Xã Thượng Mỗ,1
11817,Xã Tân Hội,1
11820,Xã Tân Lập,1
11823,Xã Đan Phượng,1
11826,Xã Đồng Tháp,1
11829,Xã Song Phượng,1
11832,Thị trấn Trạm Trôi,1
11835,Xã Đức Thượng,1
11838,Xã Minh Khai,1
11841,Xã Dương Liễu,1
11844,Xã Di Trạch,1
11847,Xã Đức Giang,1
11850,Xã Cát Quế,1
11853,Xã Kim Chung,1
11856,Xã Yên Sở,1
11859,Xã Sơn Đồng,1
11862,Xã Vân Canh,1
11865,Xã Đắc Sở,1
11868,Xã Lại Yên,1
11871,Xã Tiền Yên,1
11874,Xã Song Phương,1
11877,Xã An Khánh,1
11880,Xã An Thượng,1
11883,Xã Vân Côn,1
11889,Xã La Phù,1
11892,Xã Đông La,1
6939,Xã Đông Xuân,1
11895,Thị trấn Quốc Oai,1
11898,Xã Sài Sơn,1
11904,Xã Phượng Sơn,1
11907,Xã Ngọc Liệp,1
11910,Xã Ngọc Mỹ,1
11916,Xã Thạch Thán,1
11919,Xã Đồng Quang,1
11922,Xã Phú Cát,1
11925,Xã Tuyết Nghĩa,1
11928,Xã Liệp Nghĩa,1
11931,Xã Cộng Hòa,1
11934,Xã Hưng Đạo,1
11940,Xã Phú Mãn,1
11943,Xã Cấn Hữu,1
11949,Xã Hòa Thạch,1
11952,Xã Đông Yên,1
6927,Xã Yên Trung,1
6930,Xã Yên Bình,1
6936,Xã Tiến Xuân,1
11955,Thị trấn Liên Quan,1
11958,Xã Đại Đồng,1
11961,Xã Cẩm Yên,1
11964,Xã Lại Thượng,1
11967,Xã Phú Kim,1
11970,Xã Hương Ngải,1
11973,Xã Lam Sơn,1
11976,Xã Kim Quan,1
11982,Xã Bình Yên,1
11988,Xã Thạch Hoà,1
11991,Xã Cần Kiệm,1
11997,Xã Phùng Xá,1
12000,Xã Tân Xã,1
12003,Xã Thạch Xá,1
12006,Xã Quang Trung,1
12009,Xã Hạ Bằng,1
12012,Xã Đồng Trúc,1
12015,Thị trấn Chúc Sơn,1
12018,Thị trấn Xuân Mai,1
12021,Xã Phụng Châu,1
12024,Xã Tiên Phương,1
12027,Xã Đông Sơn,1
12030,Xã Đông Phương Yên,1
12033,Xã Phú Nghĩa,1
12039,Xã Trường Yên,1
12042,Xã Ngọc Hòa,1
12045,Xã Thủy Xuân Tiên,1
12048,Xã Thanh Bình,1
12051,Xã Trung Hòa,1
12054,Xã Đại Yên,1
12057,Xã Thụy Hương,1
12060,Xã Tốt Động,1
12063,Xã Lam Điền,1
12066,Xã Tân Tiến,1
12069,Xã Nam Phương Tiến,1
12072,Xã Hợp Đồng,1
12075,Xã Hoàng Văn Thụ,1
12078,Xã Hoàng Diệu,1
12081,Xã Hữu Văn,1
12084,Xã Quảng Bị,1
12087,Xã Mỹ Lương,1
12090,Xã Thượng Vực,1
12096,Xã Hồng Phú,1
12099,Xã Trần Phú,1
12102,Xã Văn Võ,1
12105,Xã Đồng Lạc,1
12108,Xã Hòa Phú,1
12114,Thị trấn Kim Bài,1
12120,Xã Cự Khê,1
12126,Xã Bích Hòa,1
12129,Xã Mỹ Hưng,1
12132,Xã Cao Viên,1
12135,Xã Bình Minh,1
12138,Xã Tam Hưng,1
12141,Xã Thanh Cao,1
12144,Xã Thanh Thùy,1
12147,Xã Thanh Mai,1
12150,Xã Thanh Văn,1
12153,Xã Đỗ Động,1
12156,Xã Kim An,1
12159,Xã Kim Thư,1
12162,Xã Phương Trung,1
12165,Xã Tân Ước,1
12168,Xã Dân Hòa,1
12171,Xã Liên Châu,1
12174,Xã Cao Xuân Dương,1
12180,Xã Hồng Dương,1
12183,Thị trấn Thường Tín,1
12186,Xã Ninh Sở,1
12189,Xã Nhị Khê,1
12192,Xã Duyên Thái,1
12195,Xã Khánh Hà,1
12198,Xã Hòa Bình,1
12201,Xã Văn Bình,1
12204,Xã Hiền Giang,1
12207,Xã Hồng Vân,1
12210,Xã Vân Tảo,1
12213,Xã Liên Phương,1
12216,Xã Văn Phú,1
12219,Xã Tự Nhiên,1
12222,Xã Tiền Phong,1
12225,Xã Hà Hồi,1
12231,Xã Nguyễn Trãi,1
12234,Xã Quất Động,1
12237,Xã Chương Dương,1
12240,Xã Tân Minh,1
12243,Xã Lê Lợi,1
12246,Xã Thắng Lợi,1
12249,Xã Dũng Tiến,1
12255,Xã Nghiêm Xuyên,1
12258,Xã Tô Hiệu,1
12261,Xã Văn Tự,1
12264,Xã Vạn Nhất,1
12267,Xã Minh Cường,1
12270,Thị trấn Phú Minh,1
12273,Thị trấn Phú Xuyên,1
12276,Xã Hồng Minh,1
12279,Xã Phượng Dực,1
12282,Xã Nam Tiến,1
12291,Xã Văn Hoàng,1
12294,Xã Phú Túc,1
12300,Xã Hồng Thái,1
12303,Xã Hoàng Long,1
12312,Xã Nam Phong,1
12315,Xã Tân Dân,1
12318,Xã Quang Hà,1
12321,Xã Chuyên Mỹ,1
12324,Xã Khai Thái,1
12327,Xã Phúc Tiến,1
12330,Xã Vân Từ,1
12333,Xã Tri Thủy,1
12336,Xã Đại Xuyên,1
12339,Xã Phú Yên,1
12342,Xã Bạch Hạ,1
12345,Xã Quang Lãng,1
12348,Xã Châu Can,1
12351,Xã Minh Tân,1
12354,Thị trấn Vân Đình,1
12363,Xã Hoa Viên,1
12366,Xã Quảng Phú Cầu,1
12369,Xã Trường Thịnh,1
12375,Xã Liên Bạt,1
12378,Xã Cao Sơn Tiến,1
12384,Xã Phương Tú,1
12387,Xã Trung Tú,1
12390,Xã Đồng Tân,1
12393,Xã Tảo Dương Văn,1
12396,Xã Thái Hòa,1
12399,Xã Minh Đức,1
12402,Xã Trầm Lộng,1
12411,Xã Kim Đường,1
12417,Xã Hòa Phú,1
12423,Xã Đại Hùng,1
12426,Xã Đông Lỗ,1
12429,Xã Phù Lưu,1
12432,Xã Đại Cường,1
12435,Xã Bình Lưu Quang,1
12441,Thị trấn Đại Nghĩa,1
12444,Xã Đồng Tâm,1
12447,Xã Thượng Lâm,1
12450,Xã Tuy Lai,1
12453,Xã Phúc Lâm,1
12459,Xã Mỹ Xuyên,1
12462,Xã An Mỹ,1
12465,Xã Hồng Sơn,1
12468,Xã Lê Thanh,1
12471,Xã Xuy Xá,1
12474,Xã Phùng Xá,1
12477,Xã Phù Lưu Tế,1
12480,Xã Đại Hưng,1
12483,Xã Vạn Tín,1
12489,Xã Hương Sơn,1
12492,Xã Hùng Tiến,1
12495,Xã An Tiến,1
12498,Xã Hợp Tiến,1
12501,Xã Hợp Thanh,1
12504,Xã An Phú,1
2688,Phường Quang Trung,10
2691,Phường Trần Phú,10
2692,Phường Ngọc Hà,10
2694,Phường Nguyễn Trãi,10
2697,Phường Minh Khai,10
2700,Xã Ngọc Đường,10
2946,Xã Phương Độ,10
2949,Xã Phương Thiện,10
2712,Thị trấn Phó Bảng,10
2715,Xã Lũng Cú,10
2718,Xã Má Lé,10
2721,Thị trấn Đồng Văn,10
2724,Xã Lũng Táo,10
2727,Xã Phố Là,10
2730,Xã Thài Phìn Tủng,10
2733,Xã Sủng Là,10
2736,Xã Xà Phìn,10
2739,Xã Tả Phìn,10
2742,Xã Tả Lủng,10
2745,Xã Phố Cáo,10
2748,Xã Sính Lủng,10
2751,Xã Sảng Tủng,10
2754,Xã Lũng Thầu,10
2757,Xã Hố Quáng Phìn,10
2760,Xã Vần Chải,10
2763,Xã Lũng Phìn,10
2766,Xã Sủng Trái,10
2769,Thị trấn Mèo Vạc,10
2772,Xã Thượng Phùng,10
2775,Xã Pải Lủng,10
2778,Xã Xín Cái,10
2781,Xã Pả Vi,10
2784,Xã Giàng Chu Phìn,10
2787,Xã Sủng Trà,10
2790,Xã Sủng Máng,10
2793,Xã Sơn Vĩ,10
2796,Xã Tả Lủng,10
2799,Xã Cán Chu Phìn,10
2802,Xã Lũng Pù,10
2805,Xã Lũng Chinh,10
2808,Xã Tát Ngà,10
2811,Xã Nậm Ban,10
2814,Xã Khâu Vai,10
2815,Xã Niêm Tòng,10
2817,Xã Niêm Sơn,10
2820,Thị trấn Yên Minh,10
2823,Xã Thắng Mố,10
2826,Xã Phú Lũng,10
2829,Xã Sủng Tráng,10
2832,Xã Bạch Đích,10
2835,Xã Na Khê,10
2838,Xã Sủng Thài,10
2841,Xã Hữu Vinh,10
2844,Xã Lao Và Chải,10
2847,Xã Mậu Duệ,10
2850,Xã Đông Minh,10
2853,Xã Mậu Long,10
2856,Xã Ngam La,10
2859,Xã Ngọc Long,10
2862,Xã Đường Thượng,10
2865,Xã Lũng Hồ,10
2868,Xã Du Tiến,10
2871,Xã Du Già,10
2874,Thị trấn Tam Sơn,10
2877,Xã Bát Đại Sơn,10
2880,Xã Nghĩa Thuận,10
2883,Xã Cán Tỷ,10
2886,Xã Cao Mã Pờ,10
2889,Xã Thanh Vân,10
2892,Xã Tùng Vài,10
2895,Xã Đông Hà,10
2898,Xã Quản Bạ,10
2901,Xã Lùng Tám,10
2904,Xã Quyết Tiến,10
2907,Xã Tả Ván,10
2910,Xã Thái An,10
2703,Xã Kim Thạch,10
2706,Xã Phú Linh,10
2709,Xã Kim Linh,10
2913,Thị trấn Vị Xuyên,10
2916,Thị trấn Nông trường Việt Lâm,10
2919,Xã Minh Tân,10
2922,Xã Thuận Hoà,10
2925,Xã Tùng Bá,10
2928,Xã Thanh Thủy,10
2931,Xã Thanh Đức,10
2934,Xã Phong Quang,10
2937,Xã Xín Chải,10
2940,Xã Phương Tiến,10
2943,Xã Lao Chải,10
2952,Xã Cao Bồ,10
2955,Xã Đạo Đức,10
2958,Xã Thượng Sơn,10
2961,Xã Linh Hồ,10
2964,Xã Quảng Ngần,10
2967,Xã Việt Lâm,10
2970,Xã Ngọc Linh,10
2973,Xã Ngọc Minh,10
2976,Xã Bạch Ngọc,10
2979,Xã Trung Thành,10
2982,Xã Minh Sơn,10
2985,Xã Giáp Trung,10
2988,Xã Yên Định,10
2991,Thị trấn Yên Phú,10
2994,Xã Minh Ngọc,10
2997,Xã Yên Phong,10
3000,Xã Lạc Nông,10
3003,Xã Phú Nam,10
3006,Xã Yên Cường,10
3009,Xã Thượng Tân,10
3012,Xã Đường Âm,10
3015,Xã Đường Hồng,10
3018,Xã Phiêng Luông,10
3021,Thị trấn Vinh Quang,10
3024,Xã Bản Máy,10
3027,Xã Thàng Tín,10
3030,Xã Thèn Chu Phìn,10
3033,Xã Pố Lồ,10
3036,Xã Bản Phùng,10
3039,Xã Túng Sán,10
3042,Xã Chiến Phố,10
3045,Xã Đản Ván,10
3048,Xã Tụ Nhân,10
3051,Xã Tân Tiến,10
3054,Xã Nàng Đôn,10
3057,Xã Pờ Ly Ngài,10
3060,Xã Sán Xả Hồ,10
3063,Xã Bản Luốc,10
3066,Xã Ngàm Đăng Vài,10
3069,Xã Bản Nhùng,10
3072,Xã Tả Sử Choóng,10
3075,Xã Nậm Dịch,10
3081,Xã Hồ Thầu,10
3084,Xã Nam Sơn,10
3087,Xã Nậm Tỵ,10
3090,Xã Thông Nguyên,10
3093,Xã Nậm Khòa,10
3096,Thị trấn Cốc Pài,10
3099,Xã Nàn Xỉn,10
3102,Xã Bản Díu,10
3105,Xã Chí Cà,10
3108,Xã Xín Mần,10
3114,Xã Thèn Phàng,10
3117,Xã Trung Thịnh,10
3120,Xã Pà Vầy Sủ,10
3123,Xã Cốc Rế,10
3126,Xã Thu Tà,10
3129,Xã Nàn Ma,10
3132,Xã Tả Nhìu,10
3135,Xã Bản Ngò,10
3138,Xã Chế Là,10
3141,Xã Nấm Dẩn,10
3144,Xã Quảng Nguyên,10
3147,Xã Nà Chì,10
3150,Xã Khuôn Lùng,10
3153,Thị trấn Việt Quang,10
3156,Thị trấn Vĩnh Tuy,10
3159,Xã Tân Lập,10
3162,Xã Tân Thành,10
3165,Xã Đồng Tiến,10
3168,Xã Đồng Tâm,10
3171,Xã Tân Quang,10
3174,Xã Thượng Bình,10
3177,Xã Hữu Sản,10
3180,Xã Kim Ngọc,10
3183,Xã Việt Vinh,10
3186,Xã Bằng Hành,10
3189,Xã Quang Minh,10
3192,Xã Liên Hiệp,10
3195,Xã Vô Điếm,10
3198,Xã Việt Hồng,10
3201,Xã Hùng An,10
3204,Xã Đức Xuân,10
3207,Xã Tiên Kiều,10
3210,Xã Vĩnh Hảo,10
3213,Xã Vĩnh Phúc,10
3216,Xã Đồng Yên,10
3219,Xã Đông Thành,10
3222,Xã Xuân Minh,10
3225,Xã Tiên Nguyên,10
3228,Xã Tân Nam,10
3231,Xã Bản Rịa,10
3234,Xã Yên Thành,10
3237,Thị trấn Yên Bình,10
3240,Xã Tân Trịnh,10
3243,Xã Tân Bắc,10
3246,Xã Bằng Lang,10
3249,Xã Yên Hà,10
3252,Xã Hương Sơn,10
3255,Xã Xuân Giang,10
3258,Xã Nà Khương,10
3261,Xã Tiên Yên,10
3264,Xã Vĩ Thượng,10
3267,Phường Sông Hiến,6
3270,Phường Sông Bằng,6
3273,Phường Hợp Giang,6
3276,Phường Tân Giang,6
3279,Phường Ngọc Xuân,6
3282,Phường Đề Thám,6
3285,Phường Hoà Chung,6
3288,Phường Duyệt Trung,6
3693,Xã Vĩnh Quang,6
3705,Xã Hưng Đạo,6
3720,Xã Chu Trinh,6
3290,Thị trấn Pác Miầu,6
3291,Xã Đức Hạnh,6
3294,Xã Lý Bôn,6
3296,Xã Nam Cao,6
3297,Xã Nam Quang,6
3300,Xã Vĩnh Quang,6
3303,Xã Quảng Lâm,6
3304,Xã Thạch Lâm,6
3309,Xã Vĩnh Phong,6
3312,Xã Mông Ân,6
3315,Xã Thái Học,6
3316,Xã Thái Sơn,6
3318,Xã Yên Thổ,6
3321,Thị trấn Bảo Lạc,6
3324,Xã Cốc Pàng,6
3327,Xã Thượng Hà,6
3330,Xã Cô Ba,6
3333,Xã Bảo Toàn,6
3336,Xã Khánh Xuân,6
3339,Xã Xuân Trường,6
3342,Xã Hồng Trị,6
3343,Xã Kim Cúc,6
3345,Xã Phan Thanh,6
3348,Xã Hồng An,6
3351,Xã Hưng Đạo,6
3352,Xã Hưng Thịnh,6
3354,Xã Huy Giáp,6
3357,Xã Đình Phùng,6
3359,Xã Sơn Lập,6
3360,Xã Sơn Lộ,6
3363,Thị trấn Thông Nông,6
3366,Xã Cần Yên,6
3367,Xã Cần Nông,6
3372,Xã Lương Thông,6
3375,Xã Đa Thông,6
3378,Xã Ngọc Động,6
3381,Xã Yên Sơn,6
3384,Xã Lương Can,6
3387,Xã Thanh Long,6
3392,Thị trấn Xuân Hòa,6
3393,Xã Lũng Nặm,6
3399,Xã Trường Hà,6
3402,Xã Cải Viên,6
3411,Xã Nội Thôn,6
3414,Xã Tổng Cọt,6
3417,Xã Sóc Hà,6
3420,Xã Thượng Thôn,6
3429,Xã Hồng Sỹ,6
3432,Xã Quý Quân,6
3435,Xã Mã Ba,6
3438,Xã Ngọc Đào,6
3447,Thị trấn Trà Lĩnh,6
3453,Xã Tri Phương,6
3456,Xã Quang Hán,6
3462,Xã Xuân Nội,6
3465,Xã Quang Trung,6
3468,Xã Quang Vinh,6
3471,Xã Cao Chương,6
3477,Thị trấn Trùng Khánh,6
3480,Xã Ngọc Khê,6
3481,Xã Ngọc Côn,6
3483,Xã Phong Nậm,6
3489,Xã Đình Phong,6
3495,Xã Đàm Thuỷ,6
3498,Xã Khâm Thành,6
3501,Xã Chí Viễn,6
3504,Xã Lăng Hiếu,6
3507,Xã Phong Châu,6
3516,Xã Trung Phúc,6
3519,Xã Cao Thăng,6
3522,Xã Đức Hồng,6
3525,Xã Đoài Dương,6
3534,Xã Minh Long,6
3537,Xã Lý Quốc,6
3540,Xã Thắng Lợi,6
3543,Xã Đồng Loan,6
3546,Xã Đức Quang,6
3549,Xã Kim Loan,6
3552,Xã Quang Long,6
3555,Xã An Lạc,6
3558,Thị trấn Thanh Nhật,6
3561,Xã Vinh Quý,6
3564,Xã Thống Nhất,6
3567,Xã Cô Ngân,6
3573,Xã Thị Hoa,6
3474,Xã Quốc Toản,6
3576,Thị trấn Quảng Uyên,6
3579,Xã Phi Hải,6
3582,Xã Quảng Hưng,6
3594,Xã Độc Lập,6
3597,Xã Cai Bộ,6
3603,Xã Phúc Sen,6
3606,Xã Chí Thảo,6
3609,Xã Tự Do,6
3615,Xã Hồng Quang,6
3618,Xã Ngọc Động,6
3624,Xã Hạnh Phúc,6
3627,Thị trấn Tà Lùng,6
3630,Xã Bế Văn Đàn,6
3636,Xã Cách Linh,6
3639,Xã Đại Sơn,6
3645,Xã Tiên Thành,6
3648,Thị trấn Hoà Thuận,6
3651,Xã Mỹ Hưng,6
3654,Thị trấn Nước Hai,6
3657,Xã Dân Chủ,6
3660,Xã Nam Tuấn,6
3666,Xã Đại Tiến,6
3669,Xã Đức Long,6
3672,Xã Ngũ Lão,6
3675,Xã Trương Lương,6
3687,Xã Hồng Việt,6
3696,Xã Hoàng Tung,6
3699,Xã Nguyễn Huệ,6
3702,Xã Quang Trung,6
3708,Xã Bạch Đằng,6
3711,Xã Bình Dương,6
3714,Xã Lê Chung,6
3723,Xã Hồng Nam,6
3726,Thị trấn Nguyên Bình,6
3729,Thị trấn Tĩnh Túc,6
3732,Xã Yên Lạc,6
3735,Xã Triệu Nguyên,6
3738,Xã Ca Thành,6
3744,Xã Vũ Nông,6
3747,Xã Minh Tâm,6
3750,Xã Thể Dục,6
3756,Xã Mai Long,6
3762,Xã Vũ Minh,6
3765,Xã Hoa Thám,6
3768,Xã Phan Thanh,6
3771,Xã Quang Thành,6
3774,Xã Tam Kim,6
3777,Xã Thành Công,6
3780,Xã Thịnh Vượng,6
3783,Xã Hưng Đạo,6
3786,Thị trấn Đông Khê,6
3789,Xã Canh Tân,6
3792,Xã Kim Đồng,6
3795,Xã Minh Khai,6
3801,Xã Đức Thông,6
3804,Xã Thái Cường,6
3807,Xã Vân Trình,6
3810,Xã Thụy Hùng,6
3813,Xã Quang Trọng,6
3816,Xã Trọng Con,6
3819,Xã Lê Lai,6
3822,Xã Đức Long,6
3828,Xã Lê Lợi,6
3831,Xã Đức Xuân,6
3834,Phường Nguyễn Thị Minh Khai,4
3837,Phường Sông Cầu,4
3840,Phường Đức Xuân,4
3843,Phường Phùng Chí Kiên,4
3846,Phường Huyền Tụng,4
3849,Xã Dương Quang,4
3852,Xã Nông Thượng,4
3855,Phường Xuất Hóa,4
3858,Xã Bằng Thành,4
3861,Xã Nhạn Môn,4
3864,Xã Bộc Bố,4
3867,Xã Công Bằng,4
3870,Xã Giáo Hiệu,4
3873,Xã Xuân La,4
3876,Xã An Thắng,4
3879,Xã Cổ Linh,4
3882,Xã Nghiên Loan,4
3885,Xã Cao Tân,4
3888,Thị trấn Chợ Rã,4
3891,Xã Bành Trạch,4
3894,Xã Phúc Lộc,4
3897,Xã Hà Hiệu,4
3900,Xã Cao Thượng,4
3906,Xã Khang Ninh,4
3909,Xã Nam Mẫu,4
3912,Xã Thượng Giáo,4
3915,Xã Địa Linh,4
3918,Xã Yến Dương,4
3921,Xã Chu Hương,4
3924,Xã Quảng Khê,4
3927,Xã Mỹ Phương,4
3930,Xã Hoàng Trĩ,4
3933,Xã Đồng Phúc,4
3936,Thị trấn Nà Phặc,4
3939,Xã Thượng Ân,4
3942,Xã Bằng Vân,4
3945,Xã Cốc Đán,4
3948,Xã Trung Hoà,4
3951,Xã Đức Vân,4
3954,Thị trấn Vân Tùng,4
3957,Xã Thượng Quan,4
3960,Xã Hiệp Lực,4
3963,Xã Thuần Mang,4
3969,Thị trấn Phủ Thông,4
3975,Xã Vi Hương,4
3978,Xã Sĩ Bình,4
3981,Xã Vũ Muộn,4
3984,Xã Đôn Phong,4
3990,Xã Lục Bình,4
3993,Xã Tân Tú,4
3999,Xã Nguyên Phúc,4
4002,Xã Cao Sơn,4
4005,Xã Quân Hà,4
4008,Xã Cẩm Giàng,4
4011,Xã Mỹ Thanh,4
4014,Xã Dương Phong,4
4017,Xã Quang Thuận,4
4020,Thị trấn Bằng Lũng,4
4023,Xã Xuân Lạc,4
4026,Xã Nam Cường,4
4029,Xã Đồng Lạc,4
4032,Xã Tân Lập,4
4035,Xã Bản Thi,4
4038,Xã Quảng Bạch,4
4041,Xã Bằng Phúc,4
4044,Xã Yên Thịnh,4
4047,Xã Yên Thượng,4
4050,Xã Phương Viên,4
4053,Xã Ngọc Phái,4
4059,Xã Đồng Thắng,4
4062,Xã Lương Bằng,4
4065,Xã Bằng Lãng,4
4068,Xã Đại Sảo,4
4071,Xã Nghĩa Tá,4
4077,Xã Yên Mỹ,4
4080,Xã Bình Trung,4
4083,Xã Yên Phong,4
4086,Thị trấn Đồng Tâm,4
4089,Xã Tân Sơn,4
4092,Xã Thanh Vận,4
4095,Xã Mai Lạp,4
4098,Xã Hoà Mục,4
4101,Xã Thanh Mai,4
4104,Xã Cao Kỳ,4
4107,Xã Nông Hạ,4
4110,Xã Yên Cư,4
4113,Xã Thanh Thịnh,4
4116,Xã Yên Hân,4
4122,Xã Như Cố,4
4125,Xã Bình Văn,4
4131,Xã Quảng Chu,4
4137,Xã Văn Vũ,4
4140,Xã Văn Lang,4
4143,Xã Lương Thượng,4
4146,Xã Kim Hỷ,4
4152,Xã Cường Lợi,4
4155,Thị trấn Yến Lạc,4
4158,Xã Kim Lư,4
4161,Xã Sơn Thành,4
4170,Xã Văn Minh,4
4173,Xã Côn Minh,4
4176,Xã Cư Lễ,4
4179,Xã Trần Phú,4
4185,Xã Quang Phong,4
4188,Xã Dương Sơn,4
4191,Xã Xuân Dương,4
4194,Xã Đổng Xá,4
4197,Xã Liêm Thuỷ,4
4200,Phường Phan Thiết,23
4203,Phường Minh Xuân,23
4206,Phường Tân Quang,23
4209,Xã Tràng Đà,23
4212,Phường Nông Tiến,23
4215,Phường Ỷ La,23
4216,Phường Tân Hà,23
4218,Phường Hưng Thành,23
4497,Xã Kim Phú,23
4503,Xã An Khang,23
4509,Phường Mỹ Lâm,23
4512,Phường An Tường,23
4515,Xã Lưỡng Vượng,23
4521,Xã Thái Long,23
4524,Phường Đội Cấn,23
4233,Xã Phúc Yên,23
4242,Xã Xuân Lập,23
4251,Xã Khuôn Hà,23
4266,Thị trấn Lăng Can,23
4269,Xã Thượng Lâm,23
4290,Xã Bình An,23
4293,Xã Hồng Quang,23
4296,Xã Thổ Bình,23
4299,Xã Phúc Sơn,23
4302,Xã Minh Quang,23
4221,Thị trấn Na Hang,23
4227,Xã Sinh Long,23
4230,Xã Thượng Giáp,23
4239,Xã Thượng Nông,23
4245,Xã Côn Lôn,23
4248,Xã Yên Hoa,23
4254,Xã Hồng Thái,23
4260,Xã Đà Vị,23
4263,Xã Khau Tinh,23
4275,Xã Sơn Phú,23
4281,Xã Năng Khả,23
4284,Xã Thanh Tương,23
4287,Thị trấn Vĩnh Lộc,23
4305,Xã Trung Hà,23
4308,Xã Tân Mỹ,23
4311,Xã Hà Lang,23
4314,Xã Hùng Mỹ,23
4317,Xã Yên Lập,23
4320,Xã Tân An,23
4323,Xã Bình Phú,23
4326,Xã Xuân Quang,23
4329,Xã Ngọc Hội,23
4332,Xã Phú Bình,23
4335,Xã Hòa Phú,23
4338,Xã Phúc Thịnh,23
4341,Xã Kiên Đài,23
4344,Xã Tân Thịnh,23
4347,Xã Trung Hòa,23
4350,Xã Kim Bình,23
4353,Xã Hòa An,23
4356,Xã Vinh Quang,23
4359,Xã Tri Phú,23
4362,Xã Nhân Lý,23
4365,Xã Yên Nguyên,23
4368,Xã Linh Phú,23
4371,Xã Bình Nhân,23
4374,Thị trấn Tân Yên,23
4377,Xã Yên Thuận,23
4380,Xã Bạch Xa,23
4383,Xã Minh Khương,23
4386,Xã Yên Lâm,23
4389,Xã Minh Dân,23
4392,Xã Phù Lưu,23
4395,Xã Minh Hương,23
4398,Xã Yên Phú,23
4401,Xã Tân Thành,23
4404,Xã Bình Xa,23
4407,Xã Thái Sơn,23
4410,Xã Nhân Mục,23
4413,Xã Thành Long,23
4416,Xã Bằng Cốc,23
4419,Xã Thái Hòa,23
4422,Xã Đức Ninh,23
4425,Xã Hùng Đức,23
4431,Xã Quí Quân,23
4434,Xã Lực Hành,23
4437,Xã Kiến Thiết,23
4440,Xã Trung Minh,23
4443,Xã Chiêu Yên,23
4446,Xã Trung Trực,23
4449,Xã Xuân Vân,23
4452,Xã Phúc Ninh,23
4455,Xã Hùng Lợi,23
4458,Xã Trung Sơn,23
4461,Xã Tân Tiến,23
4464,Xã Tứ Quận,23
4467,Xã Đạo Viện,23
4470,Xã Tân Long,23
4473,Thị trấn Yên Sơn,23
4476,Xã Kim Quan,23
4479,Xã Lang Quán,23
4482,Xã Phú Thịnh,23
4485,Xã Công Đa,23
4488,Xã Trung Môn,23
4491,Xã Chân Sơn,23
4494,Xã Thái Bình,23
4500,Xã Tiến Bộ,23
4506,Xã Mỹ Bằng,23
4518,Xã Hoàng Khai,23
4527,Xã Nhữ Hán,23
4530,Xã Nhữ Khê,23
4533,Xã Đội Bình,23
4536,Thị trấn Sơn Dương,23
4539,Xã Trung Yên,23
4542,Xã Minh Thanh,23
4545,Xã Tân Trào,23
4548,Xã Vĩnh Lợi,23
4551,Xã Thượng Ấm,23
4554,Xã Bình Yên,23
4557,Xã Lương Thiện,23
4560,Xã Tú Thịnh,23
4563,Xã Cấp Tiến,23
4566,Xã Hợp Thành,23
4569,Xã Phúc Ứng,23
4572,Xã Đông Thọ,23
4575,Xã Kháng Nhật,23
4578,Xã Hợp Hòa,23
4584,Xã Quyết Thắng,23
4587,Xã Đồng Quý,23
4590,Xã Tân Thanh,23
4596,Xã Văn Phú,23
4599,Xã Chi Thiết,23
4602,Xã Đông Lợi,23
4605,Xã Thiện Kế,23
4608,Xã Hồng Sơn,23
4611,Xã Phú Lương,23
4614,Xã Ninh Lai,23
4617,Xã Đại Phú,23
4620,Xã Sơn Nam,23
4623,Xã Hào Phú,23
4626,Xã Tam Đa,23
4632,Xã Trường Sinh,23
4635,Phường Duyên Hải,13
4641,Phường Lào Cai,13
4644,Phường Cốc Lếu,13
4647,Phường Kim Tân,13
4650,Phường Bắc Lệnh,13
4653,Phường Pom Hán,13
4656,Phường Xuân Tăng,13
4658,Phường Bình Minh,13
4659,Xã Thống Nhất,13
4662,Xã Đồng Tuyển,13
4665,Xã Vạn Hoà,13
4668,Phường Bắc Cường,13
4671,Phường Nam Cường,13
4674,Xã Cam Đường,13
4677,Xã Tả Phời,13
4680,Xã Hợp Thành,13
4746,Xã Cốc San,13
4683,Thị trấn Bát Xát,13
4686,Xã A Mú Sung,13
4689,Xã Nậm Chạc,13
4692,Xã A Lù,13
4695,Xã Trịnh Tường,13
4701,Xã Y Tý,13
4704,Xã Cốc Mỳ,13
4707,Xã Dền Sáng,13
4710,Xã Bản Vược,13
4713,Xã Sàng Ma Sáo,13
4716,Xã Bản Qua,13
4719,Xã Mường Vi,13
4722,Xã Dền Thàng,13
4725,Xã Bản Xèo,13
4728,Xã Mường Hum,13
4731,Xã Trung Lèng Hồ,13
4734,Xã Quang Kim,13
4737,Xã Pa Cheo,13
4740,Xã Nậm Pung,13
4743,Xã Phìn Ngan,13
4749,Xã Tòng Sành,13
4752,Xã Pha Long,13
4755,Xã Tả Ngải Chồ,13
4758,Xã Tung Chung Phố,13
4761,Thị trấn Mường Khương,13
4764,Xã Dìn Chin,13
4767,Xã Tả Gia Khâu,13
4770,Xã Nậm Chảy,13
4773,Xã Nấm Lư,13
4776,Xã Lùng Khấu Nhin,13
4779,Xã Thanh Bình,13
4782,Xã Cao Sơn,13
4785,Xã Lùng Vai,13
4788,Xã Bản Lầu,13
4791,Xã La Pan Tẩn,13
4794,Xã Tả Thàng,13
4797,Xã Bản Sen,13
4800,Xã Nàn Sán,13
4803,Xã Thào Chư Phìn,13
4806,Xã Bản Mế,13
4809,Thị trấn Si Ma Cai,13
4812,Xã Sán Chải,13
4818,Xã Lùng Thẩn,13
4821,Xã Cán Cấu,13
4824,Xã Sín Chéng,13
4827,Xã Quan Hồ Thẩn,13
4836,Xã Nàn Xín,13
4839,Thị trấn Bắc Hà,13
4842,Xã Lùng Cải,13
4848,Xã Lùng Phình,13
4851,Xã Tả Van Chư,13
4854,Xã Tả Củ Tỷ,13
4857,Xã Thải Giàng Phố,13
4863,Xã Hoàng Thu Phố,13
4866,Xã Bản Phố,13
4869,Xã Bản Liền,13
4875,Xã Na Hối,13
4878,Xã Cốc Ly,13
4881,Xã Nậm Mòn,13
4884,Xã Nậm Đét,13
4887,Xã Nậm Khánh,13
4890,Xã Bảo Nhai,13
4893,Xã Nậm Lúc,13
4896,Xã Cốc Lầu,13
4899,Xã Bản Cái,13
4902,Thị trấn N.T Phong Hải,13
4905,Thị trấn Phố Lu,13
4908,Thị trấn Tằng Loỏng,13
4911,Xã Bản Phiệt,13
4914,Xã Bản Cầm,13
4917,Xã Thái Niên,13
4920,Xã Phong Niên,13
4923,Xã Gia Phú,13
4926,Xã Xuân Quang,13
4929,Xã Sơn Hải,13
4932,Xã Xuân Giao,13
4935,Xã Trì Quang,13
4938,Xã Sơn Hà,13
4944,Xã Phú Nhuận,13
4947,Thị trấn Phố Ràng,13
4950,Xã Tân Tiến,13
4953,Xã Nghĩa Đô,13
4956,Xã Vĩnh Yên,13
4959,Xã Điện Quan,13
4962,Xã Xuân Hoà,13
4965,Xã Tân Dương,13
4968,Xã Thượng Hà,13
4971,Xã Kim Sơn,13
4974,Xã Cam Cọn,13
4977,Xã Minh Tân,13
4980,Xã Xuân Thượng,13
4983,Xã Việt Tiến,13
4986,Xã Yên Sơn,13
4989,Xã Bảo Hà,13
4992,Xã Lương Sơn,13
4998,Xã Phúc Khánh,13
5001,Phường Sa Pa,13
5002,Phường Sa Pả,13
5003,Phường Ô Quý Hồ,13
5004,Xã Ngũ Chỉ Sơn,13
5006,Phường Phan Si Păng,13
5010,Xã Trung Chải,13
5013,Xã Tả Phìn,13
5016,Phường Hàm Rồng,13
5019,Xã Hoàng Liên,13
5022,Xã Thanh Bình,13
5028,Phường Cầu Mây,13
5037,Xã Mường Hoa,13
5040,Xã Tả Van,13
5043,Xã Mường Bo,13
5046,Xã Bản Hồ,13
5052,Xã Liên Minh,13
5055,Thị trấn Khánh Yên,13
5061,Xã Võ Lao,13
5064,Xã Sơn Thuỷ,13
5067,Xã Nậm Mả,13
5070,Xã Tân Thượng,13
5073,Xã Nậm Rạng,13
5076,Xã Nậm Chầy,13
5079,Xã Tân An,13
5082,Xã Khánh Yên Thượng,13
5085,Xã Nậm Xé,13
5088,Xã Dần Thàng,13
5091,Xã Chiềng Ken,13
5094,Xã Làng Giàng,13
5097,Xã Hoà Mạc,13
5100,Xã Khánh Yên Trung,13
5103,Xã Khánh Yên Hạ,13
5106,Xã Dương Quỳ,13
5109,Xã Nậm Tha,13
5112,Xã Minh Lương,13
5115,Xã Thẩm Dương,13
5118,Xã Liêm Phú,13
5121,Xã Nậm Xây,13
5124,Phường Noong Bua,7
5127,Phường Him Lam,7
5130,Phường Thanh Bình,7
5133,Phường Tân Thanh,7
5136,Phường Mường Thanh,7
5139,Phường Nam Thanh,7
5142,Phường Thanh Trường,7
5145,Xã Thanh Minh,7
5316,Xã Nà Tấu,7
5317,Xã Nà Nhạn,7
5325,Xã Mường Phăng,7
5326,Xã Pá Khoang,7
5148,Phường Sông Đà,7
5151,Phường Na Lay,7
5184,Xã Lay Nưa,7
5154,Xã Sín Thầu,7
5155,Xã Sen Thượng,7
5157,Xã Chung Chải,7
5158,Xã Leng Su Sìn,7
5159,Xã Pá Mỳ,7
5160,Xã Mường Nhé,7
5161,Xã Nậm Vì,7
5162,Xã Nậm Kè,7
5163,Xã Mường Toong,7
5164,Xã Quảng Lâm,7
5177,Xã Huổi Lếnh,7
5172,Thị trấn Mường Chà,7
5178,Xã Xá Tổng,7
5181,Xã Mường Tùng,7
5190,Xã Hừa Ngài,7
5191,Xã Huổi Mí,7
5193,Xã Pa Ham,7
5194,Xã Nậm Nèn,7
5196,Xã Huổi Lèng,7
5197,Xã Sa Lông,7
5200,Xã Ma Thì Hồ,7
5201,Xã Na Sang,7
5202,Xã Mường Mươn,7
5217,Thị trấn Tủa Chùa,7
5220,Xã Huổi Só,7
5223,Xã Xín Chải,7
5226,Xã Tả Sìn Thàng,7
5229,Xã Lao Xả Phình,7
5232,Xã Tả Phìn,7
5235,Xã Tủa Thàng,7
5238,Xã Trung Thu,7
5241,Xã Sính Phình,7
5244,Xã Sáng Nhè,7
5247,Xã Mường Đun,7
5250,Xã Mường Báng,7
5253,Thị trấn Tuần Giáo,7
5259,Xã Phình Sáng,7
5260,Xã Rạng Đông,7
5262,Xã Mùn Chung,7
5263,Xã Nà Tòng,7
5265,Xã Ta Ma,7
5268,Xã Mường Mùn,7
5269,Xã Pú Xi,7
5271,Xã Pú Nhung,7
5274,Xã Quài Nưa,7
5277,Xã Mường Thín,7
5280,Xã Tỏa Tình,7
5283,Xã Nà Sáy,7
5284,Xã Mường Khong,7
5289,Xã Quài Cang,7
5295,Xã Quài Tở,7
5298,Xã Chiềng Sinh,7
5299,Xã Chiềng Đông,7
5304,Xã Tênh Phông,7
5319,Xã Mường Pồn,7
5322,Xã Thanh Nưa,7
5323,Xã Hua Thanh,7
5328,Xã Thanh Luông,7
5331,Xã Thanh Hưng,7
5334,Xã Thanh Xương,7
5337,Xã Thanh Chăn,7
5340,Xã Pa Thơm,7
5343,Xã Thanh An,7
5346,Xã Thanh Yên,7
5349,Xã Noong Luống,7
5352,Xã Noọng Hẹt,7
5355,Xã Sam Mứn,7
5356,Xã Pom Lót,7
5358,Xã Núa Ngam,7
5359,Xã Hẹ Muông,7
5361,Xã Na Ư,7
5364,Xã Mường Nhà,7
5365,Xã Na Tông,7
5367,Xã Mường Lói,7
5368,Xã Phu Luông,7
5203,Thị trấn Điện Biên Đông,7
5205,Xã Na Son,7
5208,Xã Phì Nhừ,7
5211,Xã Chiềng Sơ,7
5214,Xã Mường Luân,7
5370,Xã Pú Nhi,7
5371,Xã Nong U,7
5373,Xã Xa Dung,7
5376,Xã Keo Lôm,7
5379,Xã Luân Giới,7
5382,Xã Phình Giàng,7
5383,Xã Pú Hồng,7
5384,Xã Tìa Dình,7
5385,Xã Háng Lìa,7
5256,Thị trấn Mường Ảng,7
5286,Xã Mường Đăng,7
5287,Xã Ngối Cáy,7
5292,Xã Ẳng Tở,7
5301,Xã Búng Lao,7
5302,Xã Xuân Lao,7
5307,Xã Ẳng Nưa,7
5310,Xã Ẳng Cang,7
5312,Xã Nặm Lịch,7
5313,Xã Mường Lạn,7
5156,Xã Nậm Tin,7
5165,Xã Pa Tần,7
5166,Xã Chà Cang,7
5167,Xã Na Cô Sa,7
5168,Xã Nà Khoa,7
5169,Xã Nà Hỳ,7
5170,Xã Nà Bủng,7
5171,Xã Nậm Nhừ,7
5173,Xã Nậm Chua,7
5174,Xã Nậm Khăn,7
5175,Xã Chà Tở,7
5176,Xã Vàng Đán,7
5187,Xã Chà Nưa,7
5198,Xã Phìn Hồ,7
5199,Xã Si Pa Phìn,7
5386,Phường Quyết Thắng,14
5387,Phường Tân Phong,14
5388,Phường Quyết Tiến,14
5389,Phường Đoàn Kết,14
5403,Xã Sùng Phài,14
5408,Phường Đông Phong,14
5409,Xã San Thàng,14
5390,Thị trấn Tam Đường,14
5394,Xã Thèn Sin,14
5400,Xã Tả Lèng,14
5405,Xã Giang Ma,14
5406,Xã Hồ Thầu,14
5412,Xã Bình Lư,14
5413,Xã Sơn Bình,14
5415,Xã Nùng Nàng,14
5418,Xã Bản Giang,14
5421,Xã Bản Hon,14
5424,Xã Bản Bo,14
5427,Xã Nà Tăm,14
5430,Xã Khun Há,14
5433,Thị trấn Mường Tè,14
5436,Xã Thu Lũm,14
5439,Xã Ka Lăng,14
5440,Xã Tá Bạ,14
5442,Xã Pa ủ,14
5445,Xã Mường Tè,14
5448,Xã Pa Vệ Sử,14
5451,Xã Mù Cả,14
5454,Xã Bum Tở,14
5457,Xã Nậm Khao,14
5463,Xã Tà Tổng,14
5466,Xã Bum Nưa,14
5467,Xã Vàng San,14
5469,Xã Kan Hồ,14
5478,Thị trấn Sìn Hồ,14
5487,Xã Chăn Nưa,14
5493,Xã Pa Tần,14
5496,Xã Phìn Hồ,14
5499,Xã Hồng Thu,14
5505,Xã Phăng Sô Lin,14
5508,Xã Ma Quai,14
5509,Xã Lùng Thàng,14
5511,Xã Tả Phìn,14
5514,Xã Sà Dề Phìn,14
5517,Xã Nậm Tăm,14
5520,Xã Tả Ngảo,14
5523,Xã Pu Sam Cáp,14
5526,Xã Nậm Cha,14
5527,Xã Pa Khoá,14
5529,Xã Làng Mô,14
5532,Xã Noong Hẻo,14
5535,Xã Nậm Mạ,14
5538,Xã Căn Co,14
5541,Xã Tủa Sín Chải,14
5544,Xã Nậm Cuổi,14
5547,Xã Nậm Hăn,14
5391,Xã Lả Nhì Thàng,14
5490,Xã Huổi Luông,14
5549,Thị trấn Phong Thổ,14
5550,Xã Sì Lở Lầu,14
5553,Xã Mồ Sì San,14
5559,Xã Pa Vây Sử,14
5562,Xã Vàng Ma Chải,14
5565,Xã Tông Qua Lìn,14
5568,Xã Mù Sang,14
5571,Xã Dào San,14
5574,Xã Ma Ly Pho,14
5577,Xã Bản Lang,14
5580,Xã Hoang Thèn,14
5583,Xã Khổng Lào,14
5586,Xã Nậm Xe,14
5589,Xã Mường So,14
5592,Xã Sin Suối Hồ,14
5595,Thị trấn Than Uyên,14
5618,Xã Phúc Than,14
5619,Xã Mường Than,14
5625,Xã Mường Mít,14
5628,Xã Pha Mu,14
5631,Xã Mường Cang,14
5632,Xã Hua Nà,14
5634,Xã Tà Hừa,14
5637,Xã Mường Kim,14
5638,Xã Tà Mung,14
5640,Xã Tà Gia,14
5643,Xã Khoen On,14
5598,Thị trấn Tân Uyên,14
5601,Xã Mường Khoa,14
5602,Xã Phúc Khoa,14
5604,Xã Thân Thuộc,14
5605,Xã Trung Đồng,14
5607,Xã Hố Mít,14
5610,Xã Nậm Cần,14
5613,Xã Nậm Sỏ,14
5616,Xã Pắc Ta,14
5622,Xã Tà Mít,14
5434,Thị trấn Nậm Nhùn,14
5460,Xã Hua Bun,14
5472,Xã Mường Mô,14
5473,Xã Nậm Chà,14
5474,Xã Nậm Manh,14
5475,Xã Nậm Hàng,14
5481,Xã Lê Lợi,14
5484,Xã Pú Đao,14
5488,Xã Nậm Pì,14
5502,Xã Nậm Ban,14
5503,Xã Trung Chải,14
5646,Phường Chiềng Lề,20
5649,Phường Tô Hiệu,20
5652,Phường Quyết Thắng,20
5655,Phường Quyết Tâm,20
5658,Xã Chiềng Cọ,20
5661,Xã Chiềng Đen,20
5664,Xã Chiềng Xôm,20
5667,Phường Chiềng An,20
5670,Phường Chiềng Cơi,20
5673,Xã Chiềng Ngần,20
5676,Xã Hua La,20
5679,Phường Chiềng Sinh,20
5682,Xã Mường Chiên,20
5685,Xã Cà Nàng,20
5688,Xã Chiềng Khay,20
5694,Xã Mường Giôn,20
5697,Xã Pá Ma Pha Khinh,20
5700,Xã Chiềng Ơn,20
5703,Thị trấn Mường Giàng,20
5706,Xã Chiềng Bằng,20
5709,Xã Mường Sại,20
5712,Xã Nậm ét,20
5718,Xã Chiềng Khoang,20
5721,Thị trấn Thuận Châu,20
5724,Xã Phổng Lái,20
5727,Xã Mường é,20
5730,Xã Chiềng Pha,20
5733,Xã Chiềng La,20
5736,Xã Chiềng Ngàm,20
5739,Xã Liệp Tè,20
5742,Xã é Tòng,20
5745,Xã Phổng Lập,20
5748,Xã Phổng Ly,20
5754,Xã Noong Lay,20
5757,Xã Mường Khiêng,20
5760,Xã Mường Bám,20
5763,Xã Long Hẹ,20
5766,Xã Chiềng Bôm,20
5769,Xã Thôm Mòn,20
5772,Xã Tông Lạnh,20
5775,Xã Tông Cọ,20
5778,Xã Bó Mười,20
5781,Xã Co Mạ,20
5784,Xã Púng Tra,20
5787,Xã Chiềng Pấc,20
5790,Xã Nậm Lầu,20
5793,Xã Bon Phặng,20
5796,Xã Co Tòng,20
5799,Xã Muổi Nọi,20
5802,Xã Pá Lông,20
5805,Xã Bản Lầm,20
5808,Thị trấn Ít Ong,20
5811,Xã Nậm Giôn,20
5814,Xã Chiềng Lao,20
5817,Xã Hua Trai,20
5820,Xã Ngọc Chiến,20
5823,Xã Mường Trai,20
5826,Xã Nậm Păm,20
5829,Xã Chiềng Muôn,20
5832,Xã Chiềng Ân,20
5835,Xã Pi Toong,20
5838,Xã Chiềng Công,20
5841,Xã Tạ Bú,20
5844,Xã Chiềng San,20
5847,Xã Mường Bú,20
5850,Xã Chiềng Hoa,20
5853,Xã Mường Chùm,20
5856,Thị trấn Bắc Yên,20
5859,Xã Phiêng Ban,20
5862,Xã Hang Chú,20
5865,Xã Xím Vàng,20
5868,Xã Tà Xùa,20
5869,Xã Háng Đồng,20
5871,Xã Pắc Ngà,20
5874,Xã Làng Chếu,20
5877,Xã Chim Vàn,20
5880,Xã Mường Khoa,20
5883,Xã Song Pe,20
5886,Xã Hồng Ngài,20
5889,Xã Tạ Khoa,20
5890,Xã Hua Nhàn,20
5892,Xã Phiêng Côn,20
5895,Xã Chiềng Sại,20
5901,Xã Suối Tọ,20
5904,Xã Mường Thải,20
5907,Xã Mường Cơi,20
5910,Thị trấn Quang Huy,20
5916,Xã Huy Thượng,20
5919,Xã Tân Lang,20
5922,Xã Gia Phù,20
5925,Xã Tường Phù,20
5928,Xã Huy Hạ,20
5931,Xã Huy Tân,20
5934,Xã Mường Lang,20
5937,Xã Suối Bau,20
5940,Xã Huy Tường,20
5943,Xã Mường Do,20
5946,Xã Sập Xa,20
5949,Xã Tường Thượng,20
5952,Xã Tường Tiến,20
5955,Xã Tường Phong,20
5958,Xã Tường Hạ,20
5961,Xã Kim Bon,20
5964,Xã Mường Bang,20
5967,Xã Đá Đỏ,20
5970,Xã Tân Phong,20
5973,Xã Nam Phong,20
5976,Xã Bắc Phong,20
5979,Phường Mộc Sơn,20
5980,Phường Mộc Lỵ,20
5982,Phường Thảo Nguyên,20
5983,Phường Bình Minh,20
5984,Phường Cờ Đỏ,20
5985,Xã Chiềng Sơn,20
5997,Xã Tân Yên,20
6000,Xã Đoàn Kết,20
6012,Xã Chiềng Hắc,20
6015,Xã Chiềng Chung,20
6024,Xã Chiềng Khừa,20
6027,Phường Mường Sang,20
6030,Phường Đông Sang,20
6033,Phường Vân Sơn,20
6045,Xã Lóng Sập,20
6063,Xã Chiềng Đông,20
6066,Xã Sặp Vạt,20
6069,Xã Chiềng Sàng,20
6072,Xã Chiềng Pằn,20
6075,Thị trấn Yên Châu,20
6078,Xã Chiềng Hặc,20
6081,Xã Mường Lựm,20
6084,Xã Chiềng On,20
6087,Xã Yên Sơn,20
6090,Xã Chiềng Khoi,20
6093,Xã Tú Nang,20
6096,Xã Lóng Phiêng,20
6099,Xã Phiêng Khoài,20
6102,Xã Chiềng Tương,20
6105,Thị trấn Hát Lót,20
6108,Xã Chiềng Sung,20
6111,Xã Mường Bằng,20
6114,Xã Chiềng Chăn,20
6117,Xã Mường Chanh,20
6120,Xã Chiềng Ban,20
6123,Xã Chiềng Mung,20
6126,Xã Mường Bon,20
6129,Xã Chiềng Chung,20
6132,Xã Chiềng Mai,20
6135,Xã Hát Lót,20
6136,Xã Nà Bó,20
6138,Xã Cò Nòi,20
6141,Xã Chiềng Nơi,20
6144,Xã Phiêng Cằm,20
6147,Xã Chiềng Dong,20
6150,Xã Chiềng Kheo,20
6153,Xã Chiềng Ve,20
6156,Xã Chiềng Lương,20
6159,Xã Phiêng Pằn,20
6162,Xã Nà Ơt,20
6165,Xã Tà Hộc,20
6168,Thị trấn Sông Mã,20
6171,Xã Bó Sinh,20
6174,Xã Pú Pẩu,20
6177,Xã Chiềng Phung,20
6180,Xã Chiềng En,20
6183,Xã Mường Lầm,20
6186,Xã Nậm Ty,20
6189,Xã Đứa Mòn,20
6192,Xã Yên Hưng,20
6195,Xã Chiềng Sơ,20
6198,Xã Nà Nghịu,20
6201,Xã Nậm Mằn,20
6204,Xã Chiềng Khoong,20
6207,Xã Chiềng Cang,20
6210,Xã Huổi Một,20
6213,Xã Mường Sai,20
6216,Xã Mường Cai,20
6219,Xã Mường Hung,20
6222,Xã Chiềng Khương,20
6225,Xã Sam Kha,20
6228,Xã Púng Bánh,20
6231,Xã Sốp Cộp,20
6234,Xã Dồm Cang,20
6237,Xã Nậm Lạnh,20
6240,Xã Mường Lèo,20
6243,Xã Mường Và,20
6246,Xã Mường Lạn,20
5994,Xã Suối Bàng,20
6006,Xã Song Khủa,20
6009,Xã Liên Hoà,20
6018,Xã Tô Múa,20
6021,Xã Mường Tè,20
6036,Xã Chiềng Khoa,20
6039,Xã Mường Men,20
6042,Xã Quang Minh,20
6048,Xã Vân Hồ,20
6051,Xã Lóng Luông,20
6054,Xã Chiềng Yên,20
6056,Xã Chiềng Xuân,20
6057,Xã Xuân Nha,20
6058,Xã Tân Xuân,20
6249,Phường Yên Thịnh,25
6252,Phường Yên Ninh,25
6255,Phường Minh Tân,25
6258,Phường Nguyễn Thái Học,25
6261,Phường Đồng Tâm,25
6264,Phường Hồng Hà,25
6270,Xã Minh Bảo,25
6273,Phường Nam Cường,25
6276,Xã Tuy Lộc,25
6279,Xã Tân Thịnh,25
6540,Xã Âu Lâu,25
6543,Xã Giới Phiên,25
6546,Phường Hợp Minh,25
6558,Xã Văn Phú,25
6282,Phường Pú Trạng,25
6285,Phường Trung Tâm,25
6288,Phường Tân An,25
6291,Phường Cầu Thia,25
6294,Xã Nghĩa Lợi,25
6297,Xã Nghĩa Phúc,25
6300,Xã Nghĩa An,25
6624,Xã Nghĩa Lộ,25
6660,Xã Sơn A,25
6663,Xã Phù Nham,25
6675,Xã Thanh Lương,25
6678,Xã Hạnh Sơn,25
6681,Xã Phúc Sơn,25
6684,Xã Thạch Lương,25
6303,Thị trấn Yên Thế,25
6306,Xã Tân Phượng,25
6309,Xã Lâm Thượng,25
6312,Xã Khánh Thiện,25
6315,Xã Minh Chuẩn,25
6318,Xã Mai Sơn,25
6321,Xã Khai Trung,25
6324,Xã Mường Lai,25
6327,Xã An Lạc,25
6330,Xã Minh Xuân,25
6333,Xã Tô Mậu,25
6336,Xã Tân Lĩnh,25
6339,Xã Yên Thắng,25
6342,Xã Khánh Hoà,25
6345,Xã Vĩnh Lạc,25
6348,Xã Liễu Đô,25
6351,Xã Động Quan,25
6354,Xã Tân Lập,25
6357,Xã Minh Tiến,25
6360,Xã Trúc Lâu,25
6363,Xã Phúc Lợi,25
6366,Xã Phan Thanh,25
6369,Xã An Phú,25
6372,Xã Trung Tâm,25
6375,Thị trấn Mậu A,25
6378,Xã Lang Thíp,25
6381,Xã Lâm Giang,25
6384,Xã Châu Quế Thượng,25
6387,Xã Châu Quế Hạ,25
6390,Xã An Bình,25
6393,Xã Quang Minh,25
6396,Xã Đông An,25
6399,Xã Đông Cuông,25
6402,Xã Phong Dụ Hạ,25
6405,Xã Mậu Đông,25
6408,Xã Ngòi A,25
6411,Xã Xuân Tầm,25
6414,Xã Tân Hợp,25
6417,Xã An Thịnh,25
6420,Xã Yên Thái,25
6423,Xã Phong Dụ Thượng,25
6426,Xã Yên Hợp,25
6429,Xã Đại Sơn,25
6435,Xã Đại Phác,25
6438,Xã Yên Phú,25
6441,Xã Xuân Ái,25
6447,Xã Viễn Sơn,25
6450,Xã Mỏ Vàng,25
6453,Xã Nà Hẩu,25
6456,Thị trấn Mù Căng Chải,25
6459,Xã Hồ Bốn,25
6462,Xã Nậm Có,25
6465,Xã Khao Mang,25
6468,Xã Mồ Dề,25
6471,Xã Chế Cu Nha,25
6474,Xã Lao Chải,25
6477,Xã Kim Nọi,25
6480,Xã Cao Phạ,25
6483,Xã La Pán Tẩn,25
6486,Xã Dế Su Phình,25
6489,Xã Chế Tạo,25
6492,Xã Púng Luông,25
6495,Xã Nậm Khắt,25
6498,Thị trấn Cổ Phúc,25
6501,Xã Tân Đồng,25
6504,Xã Báo Đáp,25
6510,Xã Thành Thịnh,25
6513,Xã Hòa Cuông,25
6516,Xã Minh Quán,25
6519,Xã Quy Mông,25
6522,Xã Cường Thịnh,25
6525,Xã Kiên Thành,25
6531,Xã Y Can,25
6537,Xã Lương Thịnh,25
6564,Xã Việt Cường,25
6567,Xã Minh Quân,25
6570,Xã Hồng Ca,25
6573,Xã Hưng Thịnh,25
6576,Xã Hưng Khánh,25
6579,Xã Việt Hồng,25
6582,Xã Vân Hội,25
6585,Thị trấn Trạm Tấu,25
6588,Xã Túc Đán,25
6591,Xã Pá Lau,25
6594,Xã Xà Hồ,25
6597,Xã Phình Hồ,25
6600,Xã Trạm Tấu,25
6603,Xã Tà Si Láng,25
6606,Xã Pá Hu,25
6609,Xã Làng Nhì,25
6612,Xã Bản Công,25
6615,Xã Bản Mù,25
6618,Xã Hát Lìu,25
6621,Thị trấn NT Liên Sơn,25
6627,Thị trấn NT Trần Phú,25
6630,Xã Tú Lệ,25
6633,Xã Nậm Búng,25
6636,Xã Gia Hội,25
6639,Xã Sùng Đô,25
6642,Xã Nậm Mười,25
6645,Xã An Lương,25
6648,Xã Nậm Lành,25
6651,Xã Sơn Lương,25
6654,Xã Suối Quyền,25
6657,Xã Suối Giàng,25
6666,Xã Nghĩa Sơn,25
6669,Xã Suối Bu,25
6672,Thị trấn Sơn Thịnh,25
6687,Xã Đại Lịch,25
6690,Xã Đồng Khê,25
6693,Xã Cát Thịnh,25
6696,Xã Tân Thịnh,25
6699,Xã Chấn Thịnh,25
6702,Xã Bình Thuận,25
6705,Xã Thượng Bằng La,25
6708,Xã Minh An,25
6711,Xã Nghĩa Tâm,25
6714,Thị trấn Yên Bình,25
6717,Thị trấn Thác Bà,25
6720,Xã Xuân Long,25
6726,Xã Cảm Nhân,25
6729,Xã Ngọc Chấn,25
6732,Xã Tân Nguyên,25
6735,Xã Phúc Ninh,25
6738,Xã Bảo Ái,25
6741,Xã Mỹ Gia,25
6744,Xã Xuân Lai,25
6747,Xã Mông Sơn,25
6750,Xã Cảm Ân,25
6753,Xã Yên Thành,25
6756,Xã Tân Hương,25
6759,Xã Phúc An,25
6762,Xã Bạch Hà,25
6765,Xã Vũ Linh,25
6768,Xã Đại Đồng,25
6771,Xã Vĩnh Kiên,25
6777,Xã Thịnh Hưng,25
6780,Xã Hán Đà,25
6783,Xã Phú Thịnh,25
6786,Xã Đại Minh,25
6789,Phường Thái Bình,8
6792,Phường Tân Hòa,8
6795,Phường Thịnh Lang,8
6798,Phường Hữu Nghị,8
6801,Phường Tân Thịnh,8
6804,Phường Đồng Tiến,8
6807,Phường Phương Lâm,8
6813,Xã Yên Mông,8
6816,Phường Quỳnh Lâm,8
6819,Phường Dân Chủ,8
6825,Xã Hòa Bình,8
6828,Phường Thống Nhất,8
6894,Phường Kỳ Sơn,8
6897,Xã Thịnh Minh,8
6903,Xã Hợp Thành,8
6906,Xã Quang Tiến,8
6912,Xã Mông Hóa,8
6918,Phường Trung Minh,8
6921,Xã Độc Lập,8
6831,Thị trấn Đà Bắc,8
6834,Xã Nánh Nghê,8
6840,Xã Giáp Đắt,8
6846,Xã Mường Chiềng,8
6849,Xã Tân Pheo,8
6852,Xã Đồng Chum,8
6855,Xã Tân Minh,8
6858,Xã Đoàn Kết,8
6861,Xã Đồng Ruộng,8
6867,Xã Tú Lý,8
6870,Xã Trung Thành,8
6873,Xã Yên Hòa,8
6876,Xã Cao Sơn,8
6879,Xã Toàn Sơn,8
6885,Xã Hiền Lương,8
6888,Xã Tiền Phong,8
6891,Xã Vầy Nưa,8
6924,Thị trấn Lương Sơn,8
6942,Xã Lâm Sơn,8
6945,Xã Hòa Sơn,8
6951,Xã Tân Vinh,8
6954,Xã Nhuận Trạch,8
6957,Xã Cao Sơn,8
6960,Xã Cư Yên,8
6969,Xã Liên Sơn,8
7008,Xã Cao Dương,8
7041,Xã Thanh Sơn,8
7047,Xã Thanh Cao,8
6978,Thị trấn Bo,8
6984,Xã Đú Sáng,8
6987,Xã Hùng Sơn,8
6990,Xã Bình Sơn,8
6999,Xã Tú Sơn,8
7005,Xã Vĩnh Tiến,8
7014,Xã Đông Bắc,8
7017,Xã Xuân Thủy,8
7026,Xã Vĩnh Đồng,8
7035,Xã Kim Lập,8
7038,Xã Hợp Tiến,8
7065,Xã Kim Bôi,8
7068,Xã Nam Thượng,8
7077,Xã Cuối Hạ,8
7080,Xã Sào Báy,8
7083,Xã Mi Hòa,8
7086,Xã Nuông Dăm,8
7089,Thị trấn Cao Phong,8
7092,Xã Bình Thanh,8
7095,Xã Thung Nai,8
7098,Xã Bắc Phong,8
7101,Xã Thu Phong,8
7104,Xã Hợp Phong,8
7110,Xã Tây Phong,8
7116,Xã Dũng Phong,8
7119,Xã Nam Phong,8
7125,Xã Thạch Yên,8
7128,Thị trấn Mãn Đức,8
7134,Xã Suối Hoa,8
7137,Xã Phú Vinh,8
7140,Xã Phú Cường,8
7143,Xã Mỹ Hòa,8
7152,Xã Quyết Chiến,8
7158,Xã Phong Phú,8
7164,Xã Tử Nê,8
7167,Xã Thanh Hối,8
7170,Xã Ngọc Mỹ,8
7173,Xã Đông Lai,8
7176,Xã Vân Sơn,8
7182,Xã Nhân Mỹ,8
7191,Xã Lỗ Sơn,8
7194,Xã Ngổ Luông,8
7197,Xã Gia Mô,8
6882,Xã Tân Thành,8
7200,Thị trấn Mai Châu,8
7206,Xã Sơn Thủy,8
7209,Xã Pà Cò,8
7212,Xã Hang Kia,8
7221,Xã Đồng Tân,8
7224,Xã Cun Pheo,8
7227,Xã Bao La,8
7233,Xã Tòng Đậu,8
7242,Xã Nà Phòn,8
7245,Xã Săm Khóe,8
7248,Xã Chiềng Châu,8
7251,Xã Mai Hạ,8
7254,Xã Thành Sơn,8
7257,Xã Mai Hịch,8
7263,Xã Vạn Mai,8
7266,Thị trấn Vụ Bản,8
7269,Xã Quý Hòa,8
7272,Xã Miền Đồi,8
7275,Xã Mỹ Thành,8
7278,Xã Tuân Đạo,8
7281,Xã Văn Nghĩa,8
7284,Xã Văn Sơn,8
7287,Xã Tân Lập,8
7290,Xã Nhân Nghĩa,8
7293,Xã Thượng Cốc,8
7299,Xã Quyết Thắng,8
7302,Xã Xuất Hóa,8
7305,Xã Yên Phú,8
7308,Xã Bình Hẻm,8
7320,Xã Định Cư,8
7323,Xã Chí Đạo,8
7329,Xã Ngọc Sơn,8
7332,Xã Hương Nhượng,8
7335,Xã Vũ Bình,8
7338,Xã Tự Do,8
7341,Xã Yên Nghiệp,8
7344,Xã Tân Mỹ,8
7347,Xã Ân Nghĩa,8
7350,Xã Ngọc Lâu,8
7353,Thị trấn Hàng Trạm,8
7356,Xã Lạc Sỹ,8
7362,Xã Lạc Lương,8
7365,Xã Bảo Hiệu,8
7368,Xã Đa Phúc,8
7371,Xã Hữu Lợi,8
7374,Xã Lạc Thịnh,8
7380,Xã Đoàn Kết,8
7383,Xã Phú Lai,8
7386,Xã Yên Trị,8
7389,Xã Ngọc Lương,8
6981,Thị trấn Ba Hàng Đồi,8
7392,Thị trấn Chi Nê,8
7395,Xã Phú Nghĩa,8
7398,Xã Phú Thành,8
7404,Xã Hưng Thi,8
7413,Xã Khoan Dụ,8
7419,Xã Đồng Tâm,8
7422,Xã Yên Bồng,8
7425,Xã Thống Nhất,8
7428,Xã An Bình,8
7431,Phường Quán Triều,22
7434,Phường Quang Vinh,22
7437,Phường Túc Duyên,22
7440,Phường Hoàng Văn Thụ,22
7443,Phường Trưng Vương,22
7446,Phường Quang Trung,22
7449,Phường Phan Đình Phùng,22
7452,Phường Tân Thịnh,22
7455,Phường Thịnh Đán,22
7458,Phường Đồng Quang,22
7461,Phường Gia Sàng,22
7464,Phường Tân Lập,22
7467,Phường Cam Giá,22
7470,Phường Phú Xá,22
7473,Phường Hương Sơn,22
7476,Phường Trung Thành,22
7479,Phường Tân Thành,22
7482,Phường Tân Long,22
7485,Xã Phúc Hà,22
7488,Xã Phúc Xuân,22
7491,Xã Quyết Thắng,22
7494,Xã Phúc Trìu,22
7497,Xã Thịnh Đức,22
7500,Phường Tích Lương,22
7503,Xã Tân Cương,22
7653,Xã Sơn Cẩm,22
7659,Phường Chùa Hang,22
7695,Xã Cao Ngạn,22
7701,Xã Linh Sơn,22
7710,Phường Đồng Bẩm,22
7713,Xã Huống Thượng,22
7914,Xã Đồng Liên,22
7506,Phường Lương Sơn,22
7509,Phường Châu Sơn,22
7512,Phường Mỏ Chè,22
7515,Phường Cải Đan,22
7518,Phường Thắng Lợi,22
7521,Phường Phố Cò,22
7527,Xã Tân Quang,22
7528,Phường Bách Quang,22
7530,Xã Bình Sơn,22
7533,Xã Bá Xuyên,22
7539,Xã Linh Thông,22
7542,Xã Lam Vỹ,22
7545,Xã Quy Kỳ,22
7548,Xã Tân Thịnh,22
7551,Xã Kim Phượng,22
7554,Xã Bảo Linh,22
7560,Xã Phúc Chu,22
7563,Xã Tân Dương,22
7566,Xã Phượng Tiến,22
7569,Thị trấn Chợ Chu,22
7572,Xã Đồng Thịnh,22
7575,Xã Định Biên,22
7578,Xã Thanh Định,22
7581,Xã Trung Hội,22
7584,Xã Trung Lương,22
7587,Xã Bình Yên,22
7590,Xã Điềm Mặc,22
7593,Xã Phú Tiến,22
7596,Xã Bộc Nhiêu,22
7599,Xã Sơn Phú,22
7602,Xã Phú Đình,22
7605,Xã Bình Thành,22
7611,Thị trấn Đu,22
7614,Xã Yên Ninh,22
7617,Xã Yên Trạch,22
7620,Xã Yên Đổ,22
7623,Xã Yên Lạc,22
7626,Xã Ôn Lương,22
7629,Xã Động Đạt,22
7632,Xã Phủ Lý,22
7635,Xã Phú Đô,22
7638,Xã Hợp Thành,22
7641,Xã Tức Tranh,22
7644,Thị trấn Giang Tiên,22
7647,Xã Vô Tranh,22
7650,Xã Cổ Lũng,22
7656,Thị trấn Sông Cầu,22
7662,Thị trấn Trại Cau,22
7665,Xã Văn Lăng,22
7668,Xã Tân Long,22
7671,Xã Hòa Bình,22
7674,Xã Quang Sơn,22
7677,Xã Minh Lập,22
7680,Xã Văn Hán,22
7683,Xã Hóa Trung,22
7686,Xã Khe Mo,22
7689,Xã Cây Thị,22
7692,Thị trấn Hóa Thượng,22
7698,Xã Hợp Tiến,22
7707,Xã Nam Hòa,22
7716,Thị trấn Đình Cả,22
7719,Xã Sảng Mộc,22
7722,Xã Nghinh Tường,22
7725,Xã Thần Xa,22
7728,Xã Vũ Chấn,22
7731,Xã Thượng Nung,22
7734,Xã Phú Thượng,22
7737,Xã Cúc Đường,22
7740,Xã La Hiên,22
7743,Xã Lâu Thượng,22
7746,Xã Tràng Xá,22
7749,Xã Phương Giao,22
7752,Xã Liên Minh,22
7755,Xã Dân Tiến,22
7758,Xã Bình Long,22
7761,Thị trấn Hùng Sơn,22
7767,Xã Phúc Lương,22
7770,Xã Minh Tiến,22
7773,Xã Yên Lãng,22
7776,Xã Đức Lương,22
7779,Xã Phú Cường,22
7785,Xã Phú Lạc,22
7788,Xã Tân Linh,22
7791,Xã Phú Thịnh,22
7794,Xã Phục Linh,22
7797,Xã Phú Xuyên,22
7800,Xã Bản Ngoại,22
7803,Xã Tiên Hội,22
7809,Xã Cù Vân,22
7812,Xã Hà Thượng,22
7815,Xã La Bằng,22
7818,Xã Hoàng Nông,22
7821,Xã Khôi Kỳ,22
7824,Xã An Khánh,22
7827,Xã Tân Thái,22
7830,Xã Bình Thuận,22
7833,Xã Lục Ba,22
7836,Xã Mỹ Yên,22
7842,Xã Văn Yên,22
7845,Xã Vạn Phú,22
7848,Xã Cát Nê,22
7851,Thị trấn Quân Chu,22
7854,Phường Bãi Bông,22
7857,Phường Bắc Sơn,22
7860,Phường Ba Hàng,22
7863,Xã Phúc Tân,22
7866,Xã Phúc Thuận,22
7869,Phường Hồng Tiến,22
7872,Xã Minh Đức,22
7875,Phường Đắc Sơn,22
7878,Phường Đồng Tiến,22
7881,Xã Thành Công,22
7884,Phường Tiên Phong,22
7887,Xã Vạn Phái,22
7890,Phường Nam Tiến,22
7893,Phường Tân Hương,22
7896,Phường Đông Cao,22
7899,Phường Trung Thành,22
7902,Phường Tân Phú,22
7905,Phường Thuận Thành,22
7908,Thị trấn Hương Sơn,22
7911,Xã Bàn Đạt,22
7917,Xã Tân Khánh,22
7920,Xã Tân Kim,22
7923,Xã Tân Thành,22
7926,Xã Đào Xá,22
7929,Xã Bảo Lý,22
7932,Xã Thượng Đình,22
7935,Xã Tân Hòa,22
7938,Xã Nhã Lộng,22
7941,Xã Điềm Thụy,22
7944,Xã Xuân Phương,22
7947,Xã Tân Đức,22
7950,Xã Úc Kỳ,22
7953,Xã Lương Phú,22
7956,Xã Nga My,22
7959,Xã Kha Sơn,22
7962,Xã Thanh Ninh,22
7965,Xã Dương Thành,22
7968,Xã Hà Châu,22
7971,Phường Hoàng Văn Thụ,15
7974,Phường Tam Thanh,15
7977,Phường Vĩnh Trại,15
7980,Phường Đông Kinh,15
7983,Phường Chi Lăng,15
7986,Xã Hoàng Đồng,15
7989,Xã Quảng Lạc,15
7992,Xã Mai Pha,15
7998,Xã Khánh Long,15
8001,Xã Đoàn Kết,15
8004,Xã Quốc Khánh,15
8010,Xã Cao Minh,15
8013,Xã Chí Minh,15
8016,Xã Tri Phương,15
8019,Xã Tân Tiến,15
8022,Xã Tân Yên,15
8025,Xã Đội Cấn,15
8028,Xã Tân Minh,15
8031,Xã Kim Đồng,15
8034,Xã Chi Lăng,15
8037,Xã Trung Thành,15
8040,Thị trấn Thất Khê,15
8043,Xã Đào Viên,15
8046,Xã Đề Thám,15
8049,Xã Kháng Chiến,15
8055,Xã Hùng Sơn,15
8058,Xã Quốc Việt,15
8061,Xã Hùng Việt,15
8067,Xã Hưng Đạo,15
8070,Xã Vĩnh Yên,15
8073,Xã Hoa Thám,15
8076,Xã Quý Hòa,15
8079,Xã Hồng Phong,15
8082,Xã Yên Lỗ,15
8085,Xã Thiện Hòa,15
8088,Xã Quang Trung,15
8091,Xã Thiện Thuật,15
8094,Xã Minh Khai,15
8097,Xã Thiện Long,15
8100,Xã Hoàng Văn Thụ,15
8103,Xã Hòa Bình,15
8106,Xã Mông Ân,15
8109,Xã Tân Hòa,15
8112,Thị trấn Bình Gia,15
8115,Xã Hồng Thái,15
8118,Xã Bình La,15
8121,Xã Tân Văn,15
8124,Thị trấn Na Sầm,15
8127,Xã Trùng Khánh,15
8133,Xã Bắc La,15
8136,Xã Thụy Hùng,15
8139,Xã Bắc Hùng,15
8142,Xã Tân Tác,15
8148,Xã Thanh Long,15
8151,Xã Hội Hoan,15
8154,Xã Bắc Việt,15
8157,Xã Hoàng Việt,15
8160,Xã Gia Miễn,15
8163,Xã Thành Hòa,15
8166,Xã Tân Thanh,15
8172,Xã Tân Mỹ,15
8175,Xã Hồng Thái,15
8178,Xã Hoàng Văn Thụ,15
8181,Xã Nhạc Kỳ,15
8184,Thị trấn Đồng Đăng,15
8187,Thị trấn Cao Lộc,15
8190,Xã Bảo Lâm,15
8193,Xã Thanh Lòa,15
8196,Xã Cao Lâu,15
8199,Xã Thạch Đạn,15
8202,Xã Xuất Lễ,15
8205,Xã Hồng Phong,15
8208,Xã Thụy Hùng,15
8211,Xã Lộc Yên,15
8214,Xã Phú Xá,15
8217,Xã Bình Trung,15
8220,Xã Hải Yến,15
8223,Xã Hòa Cư,15
8226,Xã Hợp Thành,15
8232,Xã Công Sơn,15
8235,Xã Gia Cát,15
8238,Xã Mẫu Sơn,15
8241,Xã Xuân Long,15
8244,Xã Tân Liên,15
8247,Xã Yên Trạch,15
8250,Xã Tân Thành,15
8253,Thị trấn Văn Quan,15
8256,Xã Trấn Ninh,15
8268,Xã Liên Hội,15
8274,Xã Hòa Bình,15
8277,Xã Tú Xuyên,15
8280,Xã Điềm He,15
8283,Xã An Sơn,15
8286,Xã Khánh Khê,15
8292,Xã Lương Năng,15
8298,Xã Bình Phúc,15
8307,Xã Tân Đoàn,15
8313,Xã Tri Lễ,15
8316,Xã Tràng Phái,15
8319,Xã Yên Phúc,15
8322,Xã Hữu Lễ,15
8325,Thị trấn Bắc Sơn,15
8328,Xã Long Đống,15
8331,Xã Vạn Thủy,15
8337,Xã Đồng ý,15
8340,Xã Tân Tri,15
8343,Xã Bắc Quỳnh,15
8349,Xã Hưng Vũ,15
8352,Xã Tân Lập,15
8355,Xã Vũ Sơn,15
8358,Xã Chiêu Vũ,15
8361,Xã Tân Hương,15
8364,Xã Chiến Thắng,15
8367,Xã Vũ Lăng,15
8370,Xã Trấn Yên,15
8373,Xã Vũ Lễ,15
8376,Xã Nhất Hòa,15
8379,Xã Tân Thành,15
8382,Xã Nhất Tiến,15
8385,Thị trấn Hữu Lũng,15
8388,Xã Hữu Liên,15
8391,Xã Yên Bình,15
8394,Xã Quyết Thắng,15
8397,Xã Hòa Bình,15
8400,Xã Yên Thịnh,15
8403,Xã Yên Sơn,15
8406,Xã Thiện Tân,15
8412,Xã Yên Vượng,15
8415,Xã Minh Tiến,15
8418,Xã Nhật Tiến,15
8421,Xã Thanh Sơn,15
8424,Xã Đồng Tân,15
8427,Xã Cai Kinh,15
8430,Xã Hòa Lạc,15
8433,Xã Vân Nham,15
8436,Xã Đồng Tiến,15
8442,Xã Tân Thành,15
8445,Xã Hòa Sơn,15
8448,Xã Minh Sơn,15
8451,Xã Hồ Sơn,15
8457,Xã Minh Hòa,15
8460,Xã Hòa Thắng,15
8463,Thị trấn Đồng Mỏ,15
8466,Thị trấn Chi Lăng,15
8469,Xã Vân An,15
8472,Xã Vân Thủy,15
8475,Xã Gia Lộc,15
8478,Xã Bắc Thủy,15
8481,Xã Chiến Thắng,15
8484,Xã Mai Sao,15
8487,Xã Bằng Hữu,15
8490,Xã Thượng Cường,15
8493,Xã Bằng Mạc,15
8496,Xã Nhân Lý,15
8499,Xã Lâm Sơn,15
8502,Xã Liên Sơn,15
8505,Xã Vạn Linh,15
8508,Xã Hòa Bình,15
8514,Xã Hữu Kiên,15
8517,Xã Quan Sơn,15
8520,Xã Y Tịch,15
8523,Xã Chi Lăng,15
8526,Thị trấn Na Dương,15
8529,Thị trấn Lộc Bình,15
8532,Xã Mẫu Sơn,15
8541,Xã Yên Khoái,15
8544,Xã Khánh Xuân,15
8547,Xã Tú Mịch,15
8550,Xã Hữu Khánh,15
8553,Xã Đồng Bục,15
8559,Xã Tam Gia,15
8562,Xã Tú Đoạn,15
8565,Xã Khuất Xá,15
8577,Xã Thống Nhất,15
8589,Xã Sàn Viên,15
8592,Xã Đông Quan,15
8595,Xã Minh Hiệp,15
8598,Xã Hữu Lân,15
8601,Xã Lợi Bác,15
8604,Xã Nam Quan,15
8607,Xã Xuân Dương,15
8610,Xã Ái Quốc,15
8613,Thị trấn Đình Lập,15
8616,Thị trấn NT Thái Bình,15
8619,Xã Bắc Xa,15
8622,Xã Bính Xá,15
8625,Xã Kiên Mộc,15
8628,Xã Đình Lập,15
8631,Xã Thái Bình,15
8634,Xã Cường Lợi,15
8637,Xã Châu Sơn,15
8640,Xã Lâm Ca,15
8643,Xã Đồng Thắng,15
8646,Xã Bắc Lãng,15
8649,Phường Hà Khánh,19
8652,Phường Hà Phong,19
8655,Phường Hà Khẩu,19
8658,Phường Cao Xanh,19
8661,Phường Giếng Đáy,19
8664,Phường Hà Tu,19
8667,Phường Hà Trung,19
8670,Phường Hà Lầm,19
8673,Phường Bãi Cháy,19
8676,Phường Cao Thắng,19
8679,Phường Hùng Thắng,19
8685,Phường Trần Hưng Đạo,19
8688,Phường Hồng Hải,19
8691,Phường Hồng Gai,19
8694,Phường Bạch Đằng,19
8697,Phường Hồng Hà,19
8700,Phường Tuần Châu,19
8703,Phường Việt Hưng,19
8706,Phường Đại Yên,19
9030,Phường Hoành Bồ,19
9033,Xã Kỳ Thượng,19
9036,Xã Đồng Sơn,19
9039,Xã Tân Dân,19
9042,Xã Đồng Lâm,19
9045,Xã Hòa Bình,19
9048,Xã Vũ Oai,19
9051,Xã Dân Chủ,19
9054,Xã Quảng La,19
9057,Xã Bằng Cả,19
9060,Xã Thống Nhất,19
9063,Xã Sơn Dương,19
9066,Xã Lê Lợi,19
8709,Phường Ka Long,19
8712,Phường Trần Phú,19
8715,Phường Ninh Dương,19
8721,Phường Trà Cổ,19
8724,Xã Hải Sơn,19
8727,Xã Bắc Sơn,19
8730,Xã Hải Đông,19
8733,Xã Hải Tiến,19
8736,Phường Hải Yên,19
8739,Xã Quảng Nghĩa,19
8742,Phường Hải Hoà,19
8745,Xã Hải Xuân,19
8748,Xã Vạn Ninh,19
8751,Phường Bình Ngọc,19
8754,Xã Vĩnh Trung,19
8757,Xã Vĩnh Thực,19
8760,Phường Mông Dương,19
8763,Phường Cửa Ông,19
8766,Phường Cẩm Sơn,19
8769,Phường Cẩm Đông,19
8772,Phường Cẩm Phú,19
8775,Phường Cẩm Tây,19
8778,Phường Quang Hanh,19
8781,Phường Cẩm Thịnh,19
8784,Phường Cẩm Thủy,19
8787,Phường Cẩm Thạch,19
8790,Phường Cẩm Thành,19
8793,Phường Cẩm Trung,19
8796,Phường Cẩm Bình,19
8799,Xã Hải Hòa,19
8805,Xã Dương Huy,19
8808,Phường Vàng Danh,19
8811,Phường Thanh Sơn,19
8814,Phường Bắc Sơn,19
8817,Phường Quang Trung,19
8820,Phường Trưng Vương,19
8823,Phường Nam Khê,19
8826,Phường Yên Thanh,19
8829,Xã Thượng Yên Công,19
8832,Phường Phương Đông,19
8835,Phường Phương Nam,19
8838,Thị trấn Bình Liêu,19
8841,Xã Hoành Mô,19
8844,Xã Đồng Tâm,19
8847,Xã Đồng Văn,19
8853,Xã Vô Ngại,19
8856,Xã Lục Hồn,19
8859,Xã Húc Động,19
8862,Thị trấn Tiên Yên,19
8865,Xã Hà Lâu,19
8868,Xã Đại Dực,19
8871,Xã Phong Dụ,19
8874,Xã Điền Xá,19
8877,Xã Đông Ngũ,19
8880,Xã Yên Than,19
8883,Xã Đông Hải,19
8886,Xã Hải Lạng,19
8889,Xã Tiên Lãng,19
8892,Xã Đồng Rui,19
8895,Thị trấn Đầm Hà,19
8898,Xã Quảng Lâm,19
8901,Xã Quảng An,19
8904,Xã Tân Bình,19
8910,Xã Dực Yên,19
8913,Xã Quảng Tân,19
8916,Xã Đầm Hà,19
8917,Xã Tân Lập,19
8919,Xã Đại Bình,19
8922,Thị trấn Quảng Hà,19
8925,Xã Quảng Đức,19
8928,Xã Quảng Sơn,19
8931,Xã Quảng Thành,19
8937,Xã Quảng Thịnh,19
8940,Xã Quảng Minh,19
8943,Xã Quảng Chính,19
8946,Xã Quảng Long,19
8949,Xã Đường Hoa,19
8952,Xã Quảng Phong,19
8967,Xã Cái Chiên,19
8970,Thị trấn Ba Chẽ,19
8973,Xã Thanh Sơn,19
8976,Xã Thanh Lâm,19
8979,Xã Đạp Thanh,19
8982,Xã Nam Sơn,19
8985,Xã Lương Minh,19
8988,Xã Đồn Đạc,19
8994,Thị trấn Cái Rồng,19
8997,Xã Đài Xuyên,19
9000,Xã Bình Dân,19
9003,Xã Vạn Yên,19
9006,Xã Minh Châu,19
9009,Xã Đoàn Kết,19
9012,Xã Hạ Long,19
9015,Xã Đông Xá,19
9018,Xã Bản Sen,19
9021,Xã Thắng Lợi,19
9024,Xã Quan Lạn,19
9027,Xã Ngọc Vừng,19
9069,Phường Mạo Khê,19
9075,Xã An Sinh,19
9078,Xã Tràng Lương,19
9081,Phường Bình Khê,19
9084,Xã Việt Dân,19
9090,Phường Bình Dương,19
9093,Phường Đức Chính,19
9096,Phường Tràng An,19
9099,Xã Nguyễn Huệ,19
9102,Phường Thủy An,19
9105,Phường Xuân Sơn,19
9108,Xã Hồng Thái Tây,19
9111,Xã Hồng Thái Đông,19
9114,Phường Hoàng Quế,19
9117,Phường Yên Thọ,19
9120,Phường Hồng Phong,19
9123,Phường Kim Sơn,19
9126,Phường Hưng Đạo,19
9129,Phường Yên Đức,19
9132,Phường Quảng Yên,19
9135,Phường Đông Mai,19
9138,Phường Minh Thành,19
9144,Xã Sông Khoai,19
9147,Xã Hiệp Hòa,19
9150,Phường Cộng Hòa,19
9153,Xã Tiền An,19
9156,Xã Hoàng Tân,19
9159,Phường Tân An,19
9162,Phường Yên Giang,19
9165,Phường Nam Hoà,19
9168,Phường Hà An,19
9171,Xã Cẩm La,19
9174,Phường Phong Hải,19
9177,Phường Yên Hải,19
9180,Xã Liên Hòa,19
9183,Phường Phong Cốc,19
9186,Xã Liên Vị,19
9189,Xã Tiền Phong,19
9192,Thị trấn Cô Tô,19
9195,Xã Đồng Tiến,19
9198,Xã Thanh Lân,19
9201,Phường Thọ Xương,3
9207,Phường Ngô Quyền,3
9210,Phường Hoàng Văn Thụ,3
9213,Phường Trần Phú,3
9216,Phường Mỹ Độ,3
9222,Phường Song Mai,3
9225,Phường Xương Giang,3
9228,Phường Đa Mai,3
9231,Phường Dĩnh Kế,3
9441,Phường Dĩnh Trì,3
9681,Phường Nham Biền,3
9682,Phường Tân An,3
9687,Phường Tân Mỹ,3
9690,Phường Hương Gián,3
9696,Phường Đồng Sơn,3
9699,Phường Tân Tiến,3
9702,Xã Quỳnh Sơn,3
9705,Phường Song Khê,3
9708,Phường Nội Hoàng,3
9711,Phường Tiền Phong,3
9714,Xã Xuân Phú,3
9717,Phường Tân Liễu,3
9720,Xã Trí Yên,3
9723,Xã Lãng Sơn,3
9726,Xã Yên Lư,3
9729,Xã Tiến Dũng,3
9735,Xã Đức Giang,3
9738,Phường Cảnh Thụy,3
9741,Xã Tư Mại,3
9747,Xã Đồng Việt,3
9750,Xã Đồng Phúc,3
9243,Xã Đồng Tiến,3
9246,Xã Canh Nậu,3
9249,Xã Xuân Lương,3
9252,Xã Tam Tiến,3
9255,Xã Đồng Vương,3
9258,Xã Đồng Hưu,3
9260,Xã Đồng Tâm,3
9261,Xã Tân Hiệp,3
9264,Xã Tiến Thắng,3
9270,Xã Đồng Lạc,3
9273,Xã Đông Sơn,3
9279,Xã Hương Vĩ,3
9282,Xã Đồng Kỳ,3
9285,Xã An Thượng,3
9288,Thị trấn Phồn Xương,3
9291,Xã Tân Sỏi,3
9294,Thị trấn Bố Hạ,3
9306,Thị trấn Nhã Nam,3
9309,Xã Tân Trung,3
9315,Xã Quang Trung,3
9321,Xã An Dương,3
9324,Xã Phúc Hòa,3
9327,Xã Liên Sơn,3
9330,Xã Hợp Đức,3
9333,Xã Lam Sơn,3
9336,Xã Cao Xá,3
9339,Thị trấn Cao Thượng,3
9342,Xã Việt Ngọc,3
9345,Xã Song Vân,3
9348,Xã Ngọc Châu,3
9351,Xã Ngọc Vân,3
9354,Xã Việt Lập,3
9357,Xã Liên Chung,3
9360,Xã Ngọc Thiện,3
9363,Xã Ngọc Lý,3
9366,Xã Quế Nham,3
9375,Thị trấn Vôi,3
9378,Xã Nghĩa Hòa,3
9381,Xã Nghĩa Hưng,3
9384,Xã Quang Thịnh,3
9387,Xã Hương Sơn,3
9390,Xã Đào Mỹ,3
9393,Xã Tiên Lục,3
9396,Xã An Hà,3
9399,Thị trấn Kép,3
9405,Xã Hương Lạc,3
9408,Xã Dương Đức,3
9411,Xã Tân Thanh,3
9417,Xã Tân Hưng,3
9420,Xã Mỹ Thái,3
9426,Xã Xương Lâm,3
9429,Xã Xuân Hương,3
9432,Xã Tân Dĩnh,3
9435,Xã Đại Lâm,3
9438,Xã Thái Đào,3
9444,Thị trấn Đồi Ngô,3
9450,Xã Đông Hưng,3
9453,Xã Đông Phú,3
9456,Xã Tam Dị,3
9459,Xã Bảo Sơn,3
9462,Xã Bảo Đài,3
9465,Xã Thanh Lâm,3
9468,Xã Tiên Nha,3
9471,Xã Trường Giang,3
9477,Thị trấn Phương Sơn,3
9480,Xã Chu Điện,3
9483,Xã Cương Sơn,3
9486,Xã Nghĩa Phương,3
9489,Xã Vô Tranh,3
9492,Xã Bình Sơn,3
9495,Xã Lan Mẫu,3
9498,Xã Yên Sơn,3
9501,Xã Khám Lạng,3
9504,Xã Huyền Sơn,3
9507,Xã Trường Sơn,3
9510,Xã Lục Sơn,3
9513,Xã Bắc Lũng,3
9519,Xã Cẩm Lý,3
9522,Xã Đan Hội,3
9528,Xã Cấm Sơn,3
9531,Xã Tân Sơn,3
9534,Xã Phong Minh,3
9537,Xã Phong Vân,3
9540,Xã Sa Lý,3
9543,Xã Hộ Đáp,3
9546,Xã Sơn Hải,3
9555,Xã Biên Sơn,3
9564,Xã Kim Sơn,3
9567,Xã Tân Hoa,3
9570,Xã Giáp Sơn,3
9573,Thị trấn Biển Động,3
9582,Thị trấn Phì Điền,3
9588,Xã Tân Quang,3
9591,Xã Đồng Cốc,3
9594,Xã Tân Lập,3
9597,Xã Phú Nhuận,3
9606,Xã Tân Mộc,3
9609,Xã Đèo Gia,3
9615,Thị trấn An Châu,3
9616,Thị trấn Tây Yên Tử,3
9621,Xã Vân Sơn,3
9624,Xã Hữu Sản,3
9627,Xã Đại Sơn,3
9630,Xã Phúc Sơn,3
9636,Xã Giáo Liêm,3
9642,Xã Cẩm Đàn,3
9645,Xã An Lạc,3
9648,Xã Vĩnh An,3
9651,Xã Yên Định,3
9654,Xã Lệ Viễn,3
9660,Xã An Bá,3
9663,Xã Tuấn Đạo,3
9666,Xã Dương Hưu,3
9672,Xã Long Sơn,3
9678,Xã Thanh Luận,3
9759,Xã Thượng Lan,3
9762,Xã Việt Tiến,3
9765,Xã Nghĩa Trung,3
9768,Xã Minh Đức,3
9771,Xã Hương Mai,3
9774,Phường Tự Lạn,3
9777,Phường Bích Động,3
9780,Xã Trung Sơn,3
9783,Phường Hồng Thái,3
9786,Xã Tiên Sơn,3
9789,Phường Tăng Tiến,3
9792,Phường Quảng Minh,3
9795,Phường Nếnh,3
9798,Phường Ninh Sơn,3
9801,Phường Vân Trung,3
9804,Xã Vân Hà,3
9807,Phường Quang Châu,3
9816,Xã Đồng Tiến,3
9822,Xã Hoàng Vân,3
9825,Xã Toàn Thắng,3
9831,Xã Ngọc Sơn,3
9840,Thị trấn Thắng,3
9843,Xã Sơn Thịnh,3
9846,Xã Lương Phong,3
9849,Xã Hùng Thái,3
9855,Xã Thường Thắng,3
9858,Xã Hợp Thịnh,3
9861,Xã Danh Thắng,3
9864,Xã Mai Trung,3
9867,Xã Đoan Bái,3
9870,Thị trấn Bắc Lý,3
9873,Xã Xuân Cẩm,3
9876,Xã Hương Lâm,3
9879,Xã Đông Lỗ,3
9882,Xã Châu Minh,3
9885,Xã Mai Đình,3
9525,Phường Chũ,3
9549,Phường Thanh Hải,3
9552,Xã Kiên Lao,3
9558,Xã Kiên Thành,3
9561,Phường Hồng Giang,3
9576,Xã Quý Sơn,3
9579,Phường Trù Hựu,3
9600,Xã Mỹ An,3
9603,Xã Nam Dương,3
9612,Phường Phượng Sơn,3
9888,Phường Dữu Lâu,18
9894,Phường Nông Trang,18
9897,Phường Tân Dân,18
9900,Phường Gia Cẩm,18
9903,Phường Tiên Cát,18
9906,Phường Thọ Sơn,18
9909,Phường Thanh Miếu,18
9912,Phường Bạch Hạc,18
9918,Phường Vân Phú,18
9921,Xã Phượng Lâu,18
9924,Xã Thụy Vân,18
9927,Phường Minh Phương,18
9930,Xã Trưng Vương,18
9933,Phường Minh Nông,18
9936,Xã Sông Lô,18
10281,Xã Kim Đức,18
10287,Xã Hùng Lô,18
10503,Xã Hy Cương,18
10506,Xã Chu Hóa,18
10515,Xã Thanh Đình,18
9942,Phường Hùng Vương,18
9945,Phường Phong Châu,18
9948,Phường Âu Cơ,18
9951,Xã Hà Lộc,18
9954,Xã Phú Hộ,18
9957,Xã Văn Lung,18
9960,Xã Thanh Minh,18
9963,Xã Hà Thạch,18
9966,Phường Thanh Vinh,18
9969,Thị trấn Đoan Hùng,18
9975,Xã Hùng Xuyên,18
9981,Xã Bằng Luân,18
9987,Xã Phú Lâm,18
9996,Xã Bằng Doãn,18
9999,Xã Chí Đám,18
10005,Xã Phúc Lai,18
10008,Xã Ngọc Quan,18
10014,Xã Hợp Nhất,18
10023,Xã Tây Cốc,18
10035,Xã Hùng Long,18
10038,Xã Yên Kiện,18
10044,Xã Chân Mộng,18
10050,Xã Ca Đình,18
10053,Thị trấn Hạ Hoà,18
10056,Xã Đại Phạm,18
10062,Xã Đan Thượng,18
10065,Xã Hà Lương,18
10071,Xã Tứ Hiệp,18
10080,Xã Hiền Lương,18
10089,Xã Phương Viên,18
10092,Xã Gia Điền,18
10095,Xã Ấm Hạ,18
10104,Xã Hương Xạ,18
10110,Xã Xuân Áng,18
10113,Xã Yên Kỳ,18
10119,Xã Minh Hạc,18
10122,Xã Lang Sơn,18
10125,Xã Bằng Giã,18
10128,Xã Yên Luật,18
10131,Xã Vô Tranh,18
10134,Xã Văn Lang,18
10140,Xã Minh Côi,18
10143,Xã Vĩnh Chân,18
10152,Thị trấn Thanh Ba,18
10156,Xã Vân Lĩnh,18
10158,Xã Đông Lĩnh,18
10161,Xã Đại An,18
10164,Xã Hanh Cù,18
10170,Xã Đồng Xuân,18
10173,Xã Quảng Yên,18
10179,Xã Ninh Dân,18
10194,Xã Võ Lao,18
10197,Xã Khải Xuân,18
10200,Xã Mạn Lạn,18
10203,Xã Hoàng Cương,18
10206,Xã Chí Tiên,18
10209,Xã Đông Thành,18
10215,Xã Sơn Cương,18
10218,Xã Thanh Hà,18
10221,Xã Đỗ Sơn,18
10224,Xã Đỗ Xuyên,18
10227,Xã Lương Lỗ,18
10230,Thị trấn Phong Châu,18
10233,Xã Phú Mỹ,18
10234,Xã Lệ Mỹ,18
10236,Xã Liên Hoa,18
10239,Xã Trạm Thản,18
10242,Xã Trị Quận,18
10245,Xã Trung Giáp,18
10248,Xã Tiên Phú,18
10251,Xã Hạ Giáp,18
10254,Xã Bảo Thanh,18
10257,Xã Phú Lộc,18
10260,Xã Gia Thanh,18
10263,Xã Tiên Du,18
10266,Xã Phú Nham,18
10272,Xã An Đạo,18
10275,Xã Bình Phú,18
10278,Xã Phù Ninh,18
10290,Thị trấn Yên Lập,18
10293,Xã Mỹ Lung,18
10296,Xã Mỹ Lương,18
10299,Xã Lương Sơn,18
10302,Xã Xuân An,18
10305,Xã Xuân Viên,18
10308,Xã Xuân Thủy,18
10311,Xã Trung Sơn,18
10314,Xã Hưng Long,18
10317,Xã Nga Hoàng,18
10320,Xã Đồng Lạc,18
10323,Xã Thượng Long,18
10326,Xã Đồng Thịnh,18
10329,Xã Phúc Khánh,18
10332,Xã Minh Hòa,18
10335,Xã Ngọc Lập,18
10338,Xã Ngọc Đồng,18
10341,Thị trấn Cẩm Khê,18
10344,Xã Tiên Lương,18
10350,Xã Minh Thắng,18
10353,Xã Minh Tân,18
10356,Xã Phượng Vĩ,18
10374,Xã Tùng Khê,18
10377,Xã Tam Sơn,18
10380,Xã Văn Bán,18
10389,Xã Phong Thịnh,18
10398,Xã Phú Khê,18
10401,Xã Hương Lung,18
10413,Xã Nhật Tiến,18
10416,Xã Hùng Việt,18
10422,Xã Yên Dưỡng,18
10428,Xã Điêu Lương,18
10431,Xã Đồng Lương,18
10434,Thị trấn Hưng Hoá,18
10440,Xã Hiền Quan,18
10443,Xã Bắc Sơn,18
10446,Xã Thanh Uyên,18
10461,Xã Lam Sơn,18
10467,Xã Vạn Xuân,18
10470,Xã Quang Húc,18
10473,Xã Hương Nộn,18
10476,Xã Tề Lễ,18
10479,Xã Thọ Văn,18
10482,Xã Dị Nậu,18
10491,Xã Dân Quyền,18
10494,Thị trấn Lâm Thao,18
10497,Xã Tiên Kiên,18
10498,Thị trấn Hùng Sơn,18
10500,Xã Xuân Lũng,18
10509,Xã Xuân Huy,18
10512,Xã Thạch Sơn,18
10518,Xã Sơn Vi,18
10521,Xã Phùng Nguyên,18
10527,Xã Cao Xá,18
10533,Xã Vĩnh Lại,18
10536,Xã Tứ Xã,18
10539,Xã Bản Nguyên,18
10542,Thị trấn Thanh Sơn,18
10563,Xã Sơn Hùng,18
10572,Xã Địch Quả,18
10575,Xã Giáp Lai,18
10581,Xã Thục Luyện,18
10584,Xã Võ Miếu,18
10587,Xã Thạch Khoán,18
10602,Xã Cự Thắng,18
10605,Xã Tất Thắng,18
10611,Xã Văn Miếu,18
10614,Xã Cự Đồng,18
10623,Xã Thắng Sơn,18
10629,Xã Tân Minh,18
10632,Xã Hương Cần,18
10635,Xã Khả Cửu,18
10638,Xã Đông Cửu,18
10641,Xã Tân Lập,18
10644,Xã Yên Lãng,18
10647,Xã Yên Lương,18
10650,Xã Thượng Cửu,18
10653,Xã Lương Nha,18
10656,Xã Yên Sơn,18
10659,Xã Tinh Nhuệ,18
10662,Xã Đào Xá,18
10665,Xã Thạch Đồng,18
10668,Xã Xuân Lộc,18
10671,Xã Tân Phương,18
10674,Thị trấn Thanh Thủy,18
10677,Xã Sơn Thủy,18
10680,Xã Bảo Yên,18
10683,Xã Đoan Hạ,18
10686,Xã Đồng Trung,18
10689,Xã Hoàng Xá,18
10701,Xã Tu Vũ,18
10545,Xã Thu Cúc,18
10548,Xã Thạch Kiệt,18
10551,Xã Thu Ngạc,18
10554,Xã Kiệt Sơn,18
10557,Xã Đồng Sơn,18
10560,Xã Lai Đồng,18
10566,Thị trấn Tân Phú,18
10569,Xã Mỹ Thuận,18
10578,Xã Tân Sơn,18
10590,Xã Xuân Đài,18
10593,Xã Minh Đài,18
10596,Xã Văn Luông,18
10599,Xã Xuân Sơn,18
10608,Xã Long Cốc,18
10617,Xã Kim Thượng,18
10620,Xã Tam Thanh,18
10626,Xã Vinh Tiền,18
10707,Phường Tích Sơn,24
10710,Phường Liên Bảo,24
10713,Phường Hội Hợp,24
10716,Phường Đống Đa,24
10719,Phường Ngô Quyền,24
10722,Phường Đồng Tâm,24
10725,Phường Định Trung,24
10728,Phường Khai Quang,24
10731,Xã Thanh Trù,24
10737,Phường Hùng Vương,24
10740,Phường Hai Bà Trưng,24
10743,Phường Phúc Thắng,24
10746,Phường Xuân Hoà,24
10747,Phường Đồng Xuân,24
10749,Xã Ngọc Thanh,24
10752,Xã Cao Minh,24
10755,Phường Nam Viêm,24
10758,Phường Tiền Châu,24
10761,Thị trấn Lập Thạch,24
10764,Xã Quang Sơn,24
10767,Xã Ngọc Mỹ,24
10770,Xã Hợp Lý,24
10785,Xã Bắc Bình,24
10788,Xã Thái Hòa,24
10789,Thị trấn Hoa Sơn,24
10791,Xã Liễn Sơn,24
10794,Xã Xuân Hòa,24
10797,Xã Vân Trục,24
10812,Xã Liên Hòa,24
10815,Xã Tử Du,24
10833,Xã Bàn Giản,24
10836,Xã Xuân Lôi,24
10839,Xã Đồng Ích,24
10842,Xã Tiên Lữ,24
10845,Xã Văn Quán,24
10863,Xã Tây Sơn,24
10866,Xã Sơn Đông,24
10869,Thị trấn Hợp Hòa,24
10872,Xã Hoàng Hoa,24
10875,Xã Đồng Tĩnh,24
10878,Thị trấn Kim Long,24
10881,Xã Hướng Đạo,24
10884,Xã Đạo Tú,24
10887,Xã An Hòa,24
10890,Xã Thanh Vân,24
10893,Xã Duy Phiên,24
10896,Xã Hoàng Đan,24
10899,Xã Hoàng Lâu,24
10905,Xã Hội Thịnh,24
10908,Thị trấn Tam Đảo,24
10911,Thị trấn Hợp Châu,24
10914,Xã Đạo Trù,24
10917,Xã Yên Dương,24
10920,Xã Bồ Lý,24
10923,Thị trấn Đại Đình,24
10926,Xã Tam Quan,24
10929,Xã Hồ Sơn,24
10932,Xã Minh Quang,24
10935,Thị trấn Hương Canh,24
10936,Thị trấn Gia Khánh,24
10938,Xã Trung Mỹ,24
10944,Thị trấn Bá Hiến,24
10947,Xã Thiện Kế,24
10950,Xã Hương Sơn,24
10953,Xã Tam Hợp,24
10956,Xã Quất Lưu,24
10959,Xã Sơn Lôi,24
10962,Thị trấn Đạo Đức,24
10965,Xã Tân Phong,24
10968,Thị trấn Thanh Lãng,24
10971,Xã Phú Xuân,24
11025,Thị trấn Yên Lạc,24
11028,Xã Đồng Cương,24
11031,Xã Đồng Văn,24
11034,Xã Bình Định,24
11037,Xã Trung Nguyên,24
11040,Xã Tề Lỗ,24
11043,Thị trấn Tam Hồng,24
11046,Xã Yên Đồng,24
11049,Xã Văn Tiến,24
11052,Xã Nguyệt Đức,24
11055,Xã Yên Phương,24
11061,Xã Trung Kiên,24
11064,Xã Liên Châu,24
11067,Xã Đại Tự,24
11070,Xã Hồng Châu,24
11073,Xã Trung Hà,24
11076,Thị trấn Vĩnh Tường,24
11079,Xã Kim Xá,24
11082,Xã Yên Bình,24
11085,Xã Chấn Hưng,24
11088,Xã Nghĩa Hưng,24
11091,Xã Yên Lập,24
11097,Xã Sao Đại Việt,24
11100,Xã Đại Đồng,24
11106,Xã Lũng Hoà,24
11112,Thị trấn Thổ Tang,24
11118,Xã Lương Điền,24
11124,Xã Tân Phú,24
11127,Xã Thượng Trưng,24
11130,Xã Vũ Di,24
11136,Xã Tuân Chính,24
11145,Thị trấn Tứ Trưng,24
11148,Xã Ngũ Kiên,24
11151,Xã An Nhân,24
11154,Xã Vĩnh Thịnh,24
11157,Xã Vĩnh Phú,24
10773,Xã Lãng Công,24
10776,Xã Quang Yên,24
10782,Xã Hải Lựu,24
10800,Xã Đồng Quế,24
10803,Xã Nhân Đạo,24
10806,Xã Đôn Nhân,24
10809,Xã Phương Khoan,24
10818,Xã Tân Lập,24
10824,Thị trấn Tam Sơn,24
10830,Xã Yên Thạch,24
10848,Xã Đồng Thịnh,24
10851,Xã Tứ Yên,24
10854,Xã Đức Bác,24
10860,Xã Cao Phong,24
11163,Phường Vũ Ninh,5
11166,Phường Đáp Cầu,5
11169,Phường Thị Cầu,5
11172,Phường Kinh Bắc,5
11181,Phường Đại Phúc,5
11184,Phường Tiền Ninh Vệ,5
11187,Phường Suối Hoa,5
11190,Phường Võ Cường,5
11214,Phường Hòa Long,5
11226,Phường Vạn An,5
11235,Phường Khúc Xuyên,5
11244,Phường Phong Khê,5
11256,Phường Kim Chân,5
11271,Phường Vân Dương,5
11286,Phường Nam Sơn,5
11325,Phường Khắc Niệm,5
11331,Phường Hạp Lĩnh,5
11193,Thị trấn Chờ,5
11196,Xã Dũng Liệt,5
11199,Xã Tam Đa,5
11202,Xã Tam Giang,5
11205,Xã Yên Trung,5
11208,Xã Thụy Hòa,5
11211,Xã Hòa Tiến,5
11217,Xã Đông Tiến,5
11220,Xã Yên Phụ,5
11223,Xã Trung Nghĩa,5
11229,Xã Đông Phong,5
11232,Xã Long Châu,5
11238,Xã Văn Môn,5
11241,Xã Đông Thọ,5
11247,Phường Phố Mới,5
11250,Xã Việt Thống,5
11253,Phường Đại Xuân,5
11259,Phường Nhân Hòa,5
11262,Phường Bằng An,5
11265,Phường Phương Liễu,5
11268,Phường Quế Tân,5
11274,Phường Phù Lương,5
11277,Xã Phù Lãng,5
11280,Phường Phượng Mao,5
11283,Phường Việt Hùng,5
11289,Xã Ngọc Xá,5
11292,Xã Châu Phong,5
11295,Phường Bồng Lai,5
11298,Phường Cách Bi,5
11301,Xã Đào Viên,5
11304,Xã Yên Giả,5
11307,Xã Mộ Đạo,5
11310,Xã Đức Long,5
11313,Xã Chi Lăng,5
11319,Thị trấn Lim,5
11322,Xã Phú Lâm,5
11328,Xã Nội Duệ,5
11334,Xã Liên Bão,5
11337,Xã Hiên Vân,5
11340,Xã Hoàn Sơn,5
11343,Xã Lạc Vệ,5
11346,Xã Việt Đoàn,5
11349,Xã Phật Tích,5
11352,Xã Tân Chi,5
11355,Xã Đại Đồng,5
11358,Xã Tri Phương,5
11361,Xã Minh Đạo,5
11364,Xã Cảnh Hưng,5
11367,Phường Đông Ngàn,5
11370,Phường Tam Sơn,5
11373,Phường Hương Mạc,5
11376,Phường Tương Giang,5
11379,Phường Phù Khê,5
11382,Phường Đồng Kỵ,5
11383,Phường Trang Hạ,5
11385,Phường Đồng Nguyên,5
11388,Phường Châu Khê,5
11391,Phường Tân Hồng,5
11394,Phường Đình Bảng,5
11397,Phường Phù Chẩn,5
11400,Phường Hồ,5
11403,Xã Hoài Thượng,5
11406,Xã Đại Đồng Thành,5
11409,Xã Mão Điền,5
11412,Phường Song Hồ,5
11415,Xã Đình Tổ,5
11418,Phường An Bình,5
11421,Phường Trí Quả,5
11424,Phường Gia Đông,5
11427,Phường Thanh Khương,5
11430,Phường Trạm Lộ,5
11433,Phường Xuân Lâm,5
11436,Phường Hà Mãn,5
11439,Xã Ngũ Thái,5
11442,Xã Nguyệt Đức,5
11445,Phường Ninh Xá,5
11448,Xã Nghĩa Đạo,5
11451,Xã Song Liễu,5
11454,Thị trấn Gia Bình,5
11457,Xã Vạn Ninh,5
11460,Xã Thái Bảo,5
11463,Xã Giang Sơn,5
11466,Xã Cao Đức,5
11469,Xã Đại Lai,5
11472,Xã Song Giang,5
11475,Xã Bình Dương,5
11478,Xã Lãng Ngâm,5
11481,Thị trấn Nhân Thắng,5
11484,Xã Xuân Lai,5
11487,Xã Đông Cứu,5
11490,Xã Đại Bái,5
11493,Xã Quỳnh Phú,5
11496,Thị trấn Thứa,5
11499,Xã An Thịnh,5
11502,Xã Trung Kênh,5
11505,Xã Phú Hòa,5
11508,Xã An Tập,5
11511,Xã Tân Lãng,5
11514,Xã Quảng Phú,5
11517,Xã Quang Minh,5
11523,Xã Trung Chính,5
11529,Xã Bình Định,5
11532,Xã Phú Lương,5
11535,Xã Lâm Thao,5
12507,Phường Cẩm Thượng,9
12510,Phường Bình Hàn,9
12513,Phường Ngọc Châu,9
12514,Phường Nhị Châu,9
12516,Phường Quang Trung,9
12519,Phường Nguyễn Trãi,9
12525,Phường Trần Hưng Đạo,9
12528,Phường Trần Phú,9
12531,Phường Thanh Bình,9
12532,Phường Tân Bình,9
12534,Phường Lê Thanh Nghị,9
12537,Phường Hải Tân,9
12540,Phường Tứ Minh,9
12543,Phường Việt Hoà,9
12660,Phường Ái Quốc,9
12663,Xã An Thượng,9
12672,Phường Nam Đồng,9
12822,Xã Quyết Thắng,9
12837,Xã Tiền Tiến,9
13002,Phường Thạch Khôi,9
13005,Xã Liên Hồng,9
13011,Phường Tân Hưng,9
13017,Xã Gia Xuyên,9
13077,Xã Ngọc Sơn,9
12546,Phường Phả Lại,9
12549,Phường Sao Đỏ,9
12552,Phường Bến Tắm,9
12555,Xã Hoàng Hoa Thám,9
12558,Xã Bắc An,9
12561,Xã Hưng Đạo,9
12564,Xã Lê Lợi,9
12567,Phường Hoàng Tiến,9
12570,Phường Cộng Hoà,9
12573,Phường Hoàng Tân,9
12576,Phường Cổ Thành,9
12579,Phường Văn An,9
12582,Phường Chí Minh,9
12585,Phường Văn Đức,9
12588,Phường Thái Học,9
12591,Xã Nhân Huệ,9
12594,Phường An Lạc,9
12600,Phường Đồng Lạc,9
12603,Phường Tân Dân,9
12606,Thị trấn Nam Sách,9
12609,Xã Nam Hưng,9
12612,Xã Nam Tân,9
12615,Xã Hợp Tiến,9
12618,Xã Hiệp Cát,9
12621,Xã Quốc Tuấn,9
12630,Xã An Bình,9
12633,Xã Trần Phú,9
12636,Xã An Sơn,9
12639,Xã Cộng Hòa,9
12642,Xã Thái Tân,9
12645,Xã An Phú,9
12654,Xã Hồng Phong,9
12657,Xã Đồng Lạc,9
12666,Xã Minh Tân,9
12675,Phường An Lưu,9
12678,Xã Bạch Đằng,9
12681,Phường Thất Hùng,9
12684,Xã Lê Ninh,9
12693,Phường Phạm Thái,9
12696,Phường Duy Tân,9
12699,Phường Tân Dân,9
12702,Phường Minh Tân,9
12705,Xã Quang Thành,9
12708,Xã Hiệp Hòa,9
12714,Phường Phú Thứ,9
12717,Xã Thăng Long,9
12720,Xã Lạc Long,9
12723,Phường An Sinh,9
12726,Phường Hiệp Sơn,9
12729,Xã Thượng Quận,9
12732,Phường An Phụ,9
12735,Phường Hiệp An,9
12738,Phường Long Xuyên,9
12741,Phường Thái Thịnh,9
12744,Phường Hiến Thành,9
12747,Xã Minh Hòa,9
12750,Thị trấn Phú Thái,9
12756,Xã Lai Khê,9
12762,Xã Vũ Dũng,9
12768,Xã Tuấn Việt,9
12771,Xã Kim Xuyên,9
12777,Xã Ngũ Phúc,9
12780,Xã Kim Anh,9
12783,Xã Kim Liên,9
12786,Xã Kim Tân,9
12792,Xã Kim Đính,9
12798,Xã Hòa Bình,9
12801,Xã Tam Kỳ,9
12804,Xã Đồng Cẩm,9
12810,Xã Đại Đức,9
12813,Thị trấn Thanh Hà,9
12816,Xã Hồng Lạc,9
12825,Xã Tân Việt,9
12828,Xã Cẩm Việt,9
12831,Xã Thanh An,9
12834,Xã Thanh Lang,9
12840,Xã Tân An,9
12843,Xã Liên Mạc,9
12846,Xã Thanh Hải,9
12855,Xã Thanh Xuân,9
12861,Xã Thanh Tân,9
12864,Xã An Phượng,9
12867,Xã Thanh Sơn,9
12876,Xã Thanh Quang,9
12879,Xã Thanh Hồng,9
12882,Xã Vĩnh Cường,9
12888,Thị trấn Cẩm Giang,9
12891,Thị trấn Lai Cách,9
12894,Xã Cẩm Hưng,9
12897,Xã Cẩm Hoàng,9
12900,Xã Cẩm Văn,9
12903,Xã Ngọc Liên,9
12909,Xã Cẩm Vũ,9
12912,Xã Đức Chính,9
12918,Xã Định Sơn,9
12924,Xã Lương Điền,9
12927,Xã Cao An,9
12930,Xã Tân Trường,9
12933,Xã Phúc Điền,9
12939,Xã Cẩm Đông,9
12942,Xã Cẩm Đoài,9
12945,Thị trấn Kẻ Sặt,9
12951,Xã Vĩnh Hưng,9
12954,Xã Hùng Thắng,9
12960,Xã Vĩnh Hồng,9
12963,Xã Long Xuyên,9
12966,Xã Tân Việt,9
12969,Xã Thúc Kháng,9
12972,Xã Tân Hồng,9
12978,Xã Hồng Khê,9
12981,Xã Thái Minh,9
12984,Xã Cổ Bì,9
12987,Xã Nhân Quyền,9
12990,Xã Thái Dương,9
12993,Xã Thái Hòa,9
12996,Xã Bình Xuyên,9
12999,Thị trấn Gia Lộc,9
13008,Xã Thống Nhất,9
13020,Xã Yết Kiêu,9
13035,Xã Gia Phúc,9
13038,Xã Gia Tiến,9
13041,Xã Lê Lợi,9
13044,Xã Toàn Thắng,9
13047,Xã Hoàng Diệu,9
13050,Xã Hồng Hưng,9
13053,Xã Phạm Trấn,9
13056,Xã Đoàn Thượng,9
13059,Xã Thống Kênh,9
13065,Xã Nhật Quang,9
13071,Xã Quang Đức,9
13074,Thị trấn Tứ Kỳ,9
13083,Xã Đại Sơn,9
13086,Xã Hưng Đạo,9
13092,Xã Bình Lăng,9
13095,Xã Chí Minh,9
13098,Xã Kỳ Sơn,9
13101,Xã Quang Phục,9
13113,Xã Tân Kỳ,9
13116,Xã Quang Khải,9
13119,Xã Đại Hợp,9
13122,Xã Dân An,9
13125,Xã An Thanh,9
13128,Xã Minh Đức,9
13131,Xã Văn Tố,9
13134,Xã Quang Trung,9
13140,Xã Lạc Phượng,9
13143,Xã Tiên Động,9
13146,Xã Nguyên Giáp,9
13149,Xã Hà Kỳ,9
13152,Xã Hà Thanh,9
13161,Xã Ứng Hoè,9
13164,Xã Nghĩa An,9
13167,Xã Đức Phúc,9
13173,Xã An Đức,9
13179,Xã Tân Hương,9
13185,Xã Vĩnh Hòa,9
13188,Xã Bình Xuyên,9
13197,Xã Tân Phong,9
13203,Thị trấn Ninh Giang,9
13206,Xã Tân Quang,9
13215,Xã Hồng Dụ,9
13218,Xã Văn Hội,9
13224,Xã Hồng Phong,9
13227,Xã Hiệp Lực,9
13230,Xã Kiến Phúc,9
13233,Xã Hưng Long,9
13239,Thị trấn Thanh Miện,9
13242,Xã Thanh Tùng,9
13245,Xã Phạm Kha,9
13248,Xã Ngô Quyền,9
13251,Xã Đoàn Tùng,9
13254,Xã Hồng Quang,9
13257,Xã Tân Trào,9
13260,Xã Lam Sơn,9
13263,Xã Đoàn Kết,9
13266,Xã Lê Hồng,9
13269,Xã Tứ Cường,9
13275,Xã Ngũ Hùng,9
13278,Xã Cao Thắng,9
13281,Xã Chi Lăng Bắc,9
13284,Xã Chi Lăng Nam,9
13287,Xã Thanh Giang,9
13293,Xã Hồng Phong,9
13296,Phường Quán Toan,2
13299,Phường Hùng Vương,2
13302,Phường Sở Dầu,2
13305,Phường Thượng Lý,2
13311,Phường Minh Khai,2
13320,Phường Hoàng Văn Thụ,2
13323,Phường Phan Bội Châu,2
13587,Phường Đại Bản,2
13599,Phường An Hưng,2
13602,Phường An Hồng,2
13329,Phường Máy Chai,2
13335,Phường Vạn Mỹ,2
13338,Phường Cầu Tre,2
13341,Phường Gia Viên,2
13344,Phường Cầu Đất,2
13350,Phường Đông Khê,2
13359,Phường Đằng Giang,2
13365,Phường Lạch Tray,2
13371,Phường An Biên,2
13383,Phường Trần Nguyên Hãn,2
13395,Phường Hàng Kênh,2
13401,Phường An Dương,2
13404,Phường Dư Hàng Kênh,2
13405,Phường Kênh Dương,2
13407,Phường Vĩnh Niệm,2
13410,Phường Đông Hải 1,2
13411,Phường Đông Hải 2,2
13413,Phường Đằng Lâm,2
13414,Phường Thành Tô,2
13416,Phường Đằng Hải,2
13419,Phường Nam Hải,2
13422,Phường Cát Bi,2
13425,Phường Tràng Cát,2
13431,Phường Đồng Hoà,2
13434,Phường Bắc Sơn,2
13437,Phường Nam Sơn,2
13440,Phường Ngọc Sơn,2
13443,Phường Trần Thành Ngọ,2
13446,Phường Văn Đẩu,2
13449,Phường Bắc Hà,2
13455,Phường Ngọc Xuyên,2
13458,Phường Hải Sơn,2
13461,Phường Vạn Hương,2
13465,Phường Minh Đức,2
13467,Phường Bàng La,2
13737,Phường Hợp Đức,2
13683,Phường Đa Phúc,2
13686,Phường Hưng Đạo,2
13689,Phường Anh Dũng,2
13692,Phường Hải Thành,2
13707,Phường Hoà Nghĩa,2
13740,Phường Tân Thành,2
13473,Phường Minh Đức,2
13485,Xã Liên Xuân,2
13488,Phường Lưu Kiếm,2
13500,Xã Bạch Đằng,2
13503,Xã Ninh Sơn,2
13506,Phường Quảng Thanh,2
13512,Phường Trần Hưng Đạo,2
13518,Xã Quang Trung,2
13521,Phường Lê Hồng Phong,2
13527,Phường Hoà Bình,2
13530,Phường Thủy Hà,2
13533,Phường An Lư,2
13539,Phường Phạm Ngũ Lão,2
13542,Phường Nam Triệu Giang,2
13545,Phường Tam Hưng,2
13551,Phường Lập Lễ,2
13557,Phường Thiên Hương,2
13560,Phường Thuỷ Đường,2
13569,Phường Hoàng Lâm,2
13572,Phường Hoa Động,2
13578,Phường Dương Quan,2
13581,Phường Lê Lợi,2
13584,Phường Lê Thiện,2
13590,Phường An Hoà,2
13593,Phường Hồng Phong,2
13596,Phường Tân Tiến,2
13608,Phường Nam Sơn,2
13614,Phường An Hải,2
13617,Phường Đồng Thái,2
13623,Phường An Đồng,2
13626,Phường Hồng Thái,2
13629,Thị trấn An Lão,2
13632,Xã Bát Trang,2
13635,Xã Trường Thọ,2
13638,Xã Trường Thành,2
13641,Xã An Tiến,2
13644,Xã Quang Hưng,2
13647,Xã Quang Trung,2
13650,Xã Quốc Tuấn,2
13653,Xã An Thắng,2
13656,Thị trấn Trường Sơn,2
13659,Xã Tân Dân,2
13662,Xã Thái Sơn,2
13665,Xã Tân Viên,2
13668,Xã Mỹ Đức,2
13671,Xã Chiến Thắng,2
13674,Xã An Thọ,2
13677,Xã An Thái,2
13680,Thị trấn Núi Đối,2
13695,Xã Đông Phương,2
13698,Xã Thuận Thiên,2
13701,Xã Hữu Bằng,2
13704,Xã Đại Đồng,2
13710,Xã Ngũ Phúc,2
13713,Xã Kiến Quốc,2
13716,Xã Du Lễ,2
13722,Xã Thanh Sơn,2
13725,Xã Minh Tân,2
13728,Xã Kiến Hưng,2
13734,Xã Tân Phong,2
13743,Xã Tân Trào,2
13746,Xã Đoàn Xá,2
13749,Xã Tú Sơn,2
13752,Xã Đại Hợp,2
13755,Thị trấn Tiên Lãng,2
13758,Xã Đại Thắng,2
13761,Xã Tiên Cường,2
13764,Xã Tự Cường,2
13770,Xã Quyết Tiến,2
13773,Xã Khởi Nghĩa,2
13776,Xã Tiên Thanh,2
13779,Xã Cấp Tiến,2
13782,Xã Kiến Thiết,2
13785,Xã Đoàn Lập,2
13791,Xã Tân Minh,2
13797,Xã Tiên Thắng,2
13800,Xã Tiên Minh,2
13803,Xã Bắc Hưng,2
13806,Xã Nam Hưng,2
13809,Xã Hùng Thắng,2
13812,Xã Tây Hưng,2
13815,Xã Đông Hưng,2
13821,Xã Vinh Quang,2
13824,Thị trấn Vĩnh Bảo,2
13827,Xã Dũng Tiến,2
13830,Xã Giang Biên,2
13833,Xã Thắng Thuỷ,2
13836,Xã Trung Lập,2
13839,Xã Việt Tiến,2
13842,Xã Vĩnh An,2
13848,Xã Vĩnh Hoà,2
13851,Xã Hùng Tiến,2
13857,Xã Tân Hưng,2
13860,Xã Tân Liên,2
13866,Xã Vĩnh Hưng,2
13875,Xã Vĩnh Hải,2
13881,Xã Liên Am,2
13884,Xã Lý Học,2
13887,Xã Tam Cường,2
13890,Xã Hoà Bình,2
13893,Xã Tiền Phong,2
13902,Xã Cao Minh,2
13911,Xã Trấn Dương,2
13914,Thị trấn Cát Bà,2
13917,Thị trấn Cát Hải,2
13920,Xã Nghĩa Lộ,2
13923,Xã Đồng Bài,2
13926,Xã Hoàng Châu,2
13929,Xã Văn Phong,2
13932,Xã Phù Long,2
13935,Xã Gia Luận,2
13938,Xã Hiền Hào,2
13941,Xã Trân Châu,2
13944,Xã Việt Hải,2
13947,Xã Xuân Đám,2
13950,Phường Lam Sơn,12
13953,Phường Hiến Nam,12
13956,Phường An Tảo,12
13959,Phường Lê Lợi,12
13962,Phường Minh Khai,12
13968,Phường Hồng Châu,12
13971,Xã Trung Nghĩa,12
13974,Xã Liên Phương,12
13977,Xã Phương Nam,12
13980,Xã Quảng Châu,12
13983,Xã Bảo Khê,12
14331,Xã Phú Cường,12
14334,Xã Hùng Cường,12
14385,Xã Tân Hưng,12
14388,Xã Hoàng Hanh,12
13986,Thị trấn Như Quỳnh,12
13989,Xã Lạc Đạo,12
13992,Xã Chỉ Đạo,12
13995,Xã Đại Đồng,12
13998,Xã Việt Hưng,12
14001,Xã Tân Quang,12
14004,Xã Đình Dù,12
14007,Xã Minh Hải,12
14010,Xã Lương Tài,12
14013,Xã Trưng Trắc,12
14016,Xã Lạc Hồng,12
14019,Thị trấn Văn Giang,12
14022,Xã Xuân Quan,12
14025,Xã Cửu Cao,12
14028,Xã Phụng Công,12
14031,Xã Nghĩa Trụ,12
14034,Xã Long Hưng,12
14037,Xã Vĩnh Khúc,12
14040,Xã Liên Nghĩa,12
14043,Xã Tân Tiến,12
14046,Xã Thắng Lợi,12
14049,Xã Mễ Sở,12
14052,Thị trấn Yên Mỹ,12
14055,Xã Nguyễn Văn Linh,12
14061,Xã Đồng Than,12
14064,Xã Ngọc Long,12
14067,Xã Liêu Xá,12
14070,Xã Hoàn Long,12
14073,Xã Tân Lập,12
14076,Xã Thanh Long,12
14079,Xã Yên Phú,12
14085,Xã Trung Hòa,12
14091,Xã Việt Yên,12
14100,Xã Tân Minh,12
14103,Phường Bần Yên Nhân,12
14106,Phường Phan Đình Phùng,12
14109,Xã Cẩm Xá,12
14112,Xã Dương Quang,12
14115,Xã Hòa Phong,12
14118,Phường Nhân Hòa,12
14121,Phường Dị Sử,12
14124,Phường Bạch Sam,12
14127,Phường Minh Đức,12
14130,Phường Phùng Chí Kiên,12
14133,Xã Xuân Dục,12
14136,Xã Ngọc Lâm,12
14139,Xã Hưng Long,12
14142,Thị trấn Ân Thi,12
14145,Xã Phù Ủng,12
14148,Xã Bắc Sơn,12
14151,Xã Bãi Sậy,12
14154,Xã Đào Dương,12
14157,Xã Quang Vinh,12
14160,Xã Vân Du,12
14166,Xã Xuân Trúc,12
14169,Xã Hoàng Hoa Thám,12
14172,Xã Quảng Lãng,12
14175,Xã Đa Lộc,12
14178,Xã Đặng Lễ,12
14181,Xã Cẩm Ninh,12
14184,Xã Nguyễn Trãi,12
14190,Xã Hồ Tùng Mậu,12
14193,Xã Tiền Phong,12
14196,Xã Hồng Quang,12
14202,Xã Hạ Lễ,12
14205,Thị trấn Khoái Châu,12
14208,Xã Đông Tảo,12
14211,Xã Bình Minh,12
14214,Xã Phạm Hồng Thái,12
14220,Xã Ông Đình,12
14223,Xã Tân Dân,12
14226,Xã Tứ Dân,12
14229,Xã An Vĩ,12
14232,Xã Đông Kết,12
14238,Xã Dân Tiến,12
14244,Xã Đồng Tiến,12
14247,Xã Tân Châu,12
14250,Xã Liên Khê,12
14253,Xã Phùng Hưng,12
14256,Xã Việt Hòa,12
14259,Xã Đông Ninh,12
14262,Xã Đại Tập,12
14265,Xã Chí Minh,12
14271,Xã Thuần Hưng,12
14274,Xã Nguyễn Huệ,12
14280,Thị trấn Lương Bằng,12
14283,Xã Nghĩa Dân,12
14286,Xã Toàn Thắng,12
14289,Xã Vĩnh Xá,12
14292,Xã Phạm Ngũ Lão,12
14295,Xã Phú Thọ,12
14298,Xã Đồng Thanh,12
14301,Xã Song Mai,12
14304,Xã Chính Nghĩa,12
14313,Xã Mai Động,12
14316,Xã Đức Hợp,12
14319,Xã Hùng An,12
14322,Xã Ngọc Thanh,12
14325,Xã Diên Hồng,12
14328,Xã Hiệp Cường,12
14337,Thị trấn Vương,12
14340,Xã Hưng Đạo,12
14346,Xã Nhật Tân,12
14352,Xã Lệ Xá,12
14355,Xã An Viên,12
14361,Xã Trung Dũng,12
14364,Xã Hải Thắng,12
14367,Xã Thủ Sỹ,12
14370,Xã Thiện Phiến,12
14373,Xã Thụy Lôi,12
14376,Xã Cương Chính,12
14391,Thị trấn Trần Cao,12
14394,Xã Minh Tân,12
14397,Xã Phan Sào Nam,12
14400,Xã Quang Hưng,12
14403,Xã Minh Hoàng,12
14406,Xã Đoàn Đào,12
14409,Xã Tống Phan,12
14412,Xã Đình Cao,12
14415,Xã Nhật Quang,12
14421,Xã Tam Đa,12
14424,Xã Tiên Tiến,12
14427,Xã Nguyên Hòa,12
14430,Xã Tống Trân,12
14433,Phường Lê Hồng Phong,21
14436,Phường Bồ Xuyên,21
14439,Phường Đề Thám,21
14442,Phường Kỳ Bá,21
14445,Phường Quang Trung,21
14448,Phường Phú Khánh,21
14451,Phường Tiền Phong,21
14452,Phường Trần Hưng Đạo,21
14454,Phường Trần Lãm,21
14457,Xã Đông Hòa,21
14460,Phường Hoàng Diệu,21
14463,Xã Phú Xuân,21
14466,Xã Vũ Phúc,21
14469,Xã Vũ Chính,21
14817,Xã Đông Mỹ,21
14820,Xã Đông Thọ,21
15084,Xã Vũ Đông,21
15108,Xã Vũ Lạc,21
15225,Xã Tân Bình,21
14472,Thị trấn Quỳnh Côi,21
14475,Xã An Khê,21
14478,Xã An Đồng,21
14481,Xã Quỳnh Hoa,21
14484,Xã Quỳnh Lâm,21
14487,Xã Quỳnh Thọ,21
14490,Xã An Hiệp,21
14493,Xã Quỳnh Hoàng,21
14496,Xã Quỳnh Giao,21
14499,Xã An Thái,21
14502,Xã An Cầu,21
14505,Xã Quỳnh Hồng,21
14508,Xã Quỳnh Khê,21
14511,Xã Quỳnh Minh,21
14514,Xã An Ninh,21
14517,Xã Quỳnh Ngọc,21
14520,Xã Quỳnh Hải,21
14523,Thị trấn An Bài,21
14526,Xã An Ấp,21
14529,Xã Quỳnh Hội,21
14532,Xã Châu Sơn,21
14535,Xã Quỳnh Mỹ,21
14538,Xã An Quí,21
14541,Xã An Thanh,21
14547,Xã An Vũ,21
14550,Xã An Lễ,21
14553,Xã Quỳnh Hưng,21
14559,Xã An Mỹ,21
14562,Xã Quỳnh Nguyên,21
14565,Xã An Vinh,21
14571,Xã An Dục,21
14574,Xã Đông Hải,21
14577,Xã Trang Bảo Xá,21
14580,Xã An Tràng,21
14583,Xã Đồng Tiến,21
14586,Thị trấn Hưng Hà,21
14589,Xã Quang Trung,21
14592,Xã Tân Lễ,21
14595,Xã Cộng Hòa,21
14601,Xã Canh Tân,21
14604,Xã Hòa Tiến,21
14610,Xã Tân Tiến,21
14613,Thị trấn Hưng Nhân,21
14616,Xã Đoan Hùng,21
14619,Xã Duyên Hải,21
14622,Xã Tân Hòa,21
14625,Xã Văn Cẩm,21
14628,Xã Bắc Sơn,21
14631,Xã Đông Đô,21
14634,Xã Phúc Khánh,21
14637,Xã Liên Hiệp,21
14640,Xã Tây Đô,21
14643,Xã Thống Nhất,21
14646,Xã Tiến Đức,21
14649,Xã Thái Hưng,21
14652,Xã Thái Phương,21
14655,Xã Hòa Bình,21
14656,Xã Chi Lăng,21
14658,Xã Minh Khai,21
14661,Xã Hồng An,21
14664,Xã Kim Chung,21
14667,Xã Hồng Lĩnh,21
14670,Xã Minh Tân,21
14673,Xã Văn Lang,21
14676,Xã Độc Lập,21
14679,Xã Chí Hòa,21
14682,Xã Minh Hòa,21
14685,Xã Hồng Minh,21
14688,Thị trấn Đông Hưng,21
14694,Xã Đông Phương,21
14700,Xã Liên An Đô,21
14703,Xã Đông Sơn,21
14706,Xã Đông Cường,21
14709,Xã Phú Lương,21
14712,Xã Mê Linh,21
14715,Xã Lô Giang,21
14718,Xã Đông La,21
14721,Xã Minh Tân,21
14724,Xã Đông Xá,21
14730,Xã Nguyên Xá,21
14736,Xã Phong Dương Tiến,21
14739,Xã Hồng Việt,21
14745,Xã Hà Giang,21
14748,Xã Đông Kinh,21
14751,Xã Đông Hợp,21
14754,Xã Thăng Long,21
14757,Xã Đông Các,21
14760,Xã Phú Châu,21
14763,Xã Liên Hoa,21
14769,Xã Đông Tân,21
14772,Xã Đông Vinh,21
14775,Xã Xuân Quang Động,21
14778,Xã Hồng Bạch,21
14784,Xã Trọng Quan,21
14790,Xã Hồng Giang,21
14793,Xã Đông Quan,21
14802,Xã Đông Á,21
14808,Xã Đông Hoàng,21
14811,Xã Đông Dương,21
14823,Xã Minh Phú,21
14826,Thị trấn Diêm Điền,21
14832,Xã Thụy Trường,21
14841,Xã Hồng Dũng,21
14844,Xã Thụy Quỳnh,21
14847,Xã An Tân,21
14850,Xã Thụy Ninh,21
14853,Xã Thụy Hưng,21
14856,Xã Thụy Việt,21
14859,Xã Thụy Văn,21
14862,Xã Thụy Xuân,21
14865,Xã Dương Phúc,21
14868,Xã Thụy Trình,21
14871,Xã Thụy Bình,21
14874,Xã Thụy Chính,21
14877,Xã Thụy Dân,21
14880,Xã Thụy Hải,21
14889,Xã Thụy Liên,21
14892,Xã Thụy Duyên,21
14898,Xã Thụy Thanh,21
14901,Xã Thụy Sơn,21
14904,Xã Thụy Phong,21
14907,Xã Thái Thượng,21
14910,Xã Thái Nguyên,21
14916,Xã Dương Hồng Thủy,21
14919,Xã Thái Giang,21
14922,Xã Hòa An,21
14925,Xã Sơn Hà,21
14934,Xã Thái Phúc,21
14937,Xã Thái Hưng,21
14940,Xã Thái Đô,21
14943,Xã Thái Xuyên,21
14949,Xã Mỹ Lộc,21
14958,Xã Tân Học,21
14961,Xã Thái Thịnh,21
14964,Xã Thuần Thành,21
14967,Xã Thái Thọ,21
14970,Thị trấn Tiền Hải,21
14976,Xã Đông Trà,21
14979,Xã Đông Long,21
14985,Xã Vũ Lăng,21
14988,Xã Đông Xuyên,21
14991,Xã Tây Lương,21
14994,Xã Tây Ninh,21
14997,Xã Đông Quang,21
15000,Xã Đông Hoàng,21
15003,Xã Đông Minh,21
15012,Xã An Ninh,21
15018,Xã Đông Cơ,21
15021,Xã Tây Giang,21
15024,Xã Đông Lâm,21
15027,Xã Phương Công,21
15030,Xã Ái Quốc,21
15036,Xã Nam Cường,21
15039,Xã Vân Trường,21
15045,Xã Nam Chính,21
15048,Xã Bắc Hải,21
15051,Xã Nam Thịnh,21
15054,Xã Nam Hà,21
15057,Xã Nam Tiến,21
15060,Xã Nam Trung,21
15063,Xã Nam Hồng,21
15066,Xã Nam Hưng,21
15069,Xã Nam Hải,21
15072,Xã Nam Phú,21
15075,Thị trấn Kiến Xương,21
15078,Xã Trà Giang,21
15081,Xã Quốc Tuấn,21
15087,Xã An Bình,21
15090,Xã Tây Sơn,21
15093,Xã Hồng Thái,21
15096,Xã Bình Nguyên,21
15102,Xã Lê Lợi,21
15111,Xã Vũ Lễ,21
15114,Xã Thanh Tân,21
15120,Xã Thống Nhất,21
15126,Xã Vũ Ninh,21
15129,Xã Vũ An,21
15132,Xã Quang Lịch,21
15135,Xã Hòa Bình,21
15138,Xã Bình Minh,21
15141,Xã Vũ Quí,21
15144,Xã Quang Bình,21
15150,Xã Vũ Trung,21
15156,Xã Vũ Công,21
15159,Xã Hồng Vũ,21
15162,Xã Quang Minh,21
15165,Xã Quang Trung,21
15171,Xã Minh Quang,21
15177,Xã Minh Tân,21
15180,Xã Nam Bình,21
15183,Xã Bình Thanh,21
15186,Xã Bình Định,21
15189,Xã Hồng Tiến,21
15192,Thị trấn Vũ Thư,21
15195,Xã Hồng Lý,21
15198,Xã Đồng Thanh,21
15201,Xã Xuân Hòa,21
15204,Xã Hiệp Hòa,21
15207,Xã Phúc Thành,21
15210,Xã Tân Phong,21
15213,Xã Song Lãng,21
15216,Xã Tân Hòa,21
15219,Xã Việt Hùng,21
15222,Xã Minh Lãng,21
15228,Xã Minh Khai,21
15231,Xã Dũng Nghĩa,21
15234,Xã Minh Quang,21
15237,Xã Tam Quang,21
15240,Xã Tân Lập,21
15243,Xã Bách Thuận,21
15246,Xã Tự Tân,21
15249,Xã Song An,21
15252,Xã Trung An,21
15255,Xã Vũ Hội,21
15258,Xã Hòa Bình,21
15261,Xã Nguyên Xá,21
15264,Xã Việt Thuận,21
15267,Xã Vũ Vinh,21
15270,Xã Vũ Đoài,21
15273,Xã Vũ Tiến,21
15276,Xã Vũ Vân,21
15279,Xã Duy Nhất,21
15282,Xã Hồng Phong,21
15285,Phường Quang Trung,11
15291,Phường Lê Hồng Phong,11
15294,Phường Châu Cầu,11
15303,Phường Lam Hạ,11
15306,Xã Phù Vân,11
15309,Phường Liêm Chính,11
15315,Phường Thanh Châu,11
15318,Phường Châu Sơn,11
15366,Phường Tân Hiệp,11
15426,Xã Kim Bình,11
15444,Phường Tân Liêm,11
15459,Phường Thanh Tuyền,11
15507,Xã Đinh Xá,11
15513,Xã Trịnh Xá,11
15321,Phường Đồng Văn,11
15324,Phường Hòa Mạc,11
15327,Xã Mộc Hoàn,11
15330,Phường Châu Giang,11
15333,Phường Bạch Thượng,11
15336,Phường Duy Minh,11
15342,Phường Duy Hải,11
15345,Xã Chuyên Ngoại,11
15348,Phường Yên Bắc,11
15351,Xã Trác Văn,11
15354,Phường Tiên Nội,11
15357,Phường Hoàng Đông,11
15360,Xã Yên Nam,11
15363,Xã Tiên Ngoại,11
15369,Xã Tiên Sơn,11
15384,Phường Quế,11
15387,Xã Nguyễn Úy,11
15390,Phường Đại Cương,11
15393,Phường Lê Hồ,11
15396,Phường Tượng Lĩnh,11
15402,Phường Tân Tựu,11
15405,Phường Đồng Hóa,11
15408,Xã Hoàng Tây,11
15411,Phường Tân Sơn,11
15414,Xã Thụy Lôi,11
15417,Xã Văn Xá,11
15420,Xã Khả Phong,11
15423,Phường Ngọc Sơn,11
15429,Phường Ba Sao,11
15432,Xã Liên Sơn,11
15435,Phường Thi Sơn,11
15438,Xã Thanh Sơn,11
15441,Thị trấn Kiện Khê,11
15450,Xã Liêm Phong,11
15453,Xã Thanh Hà,11
15456,Xã Liêm Cần,11
15465,Xã Liêm Thuận,11
15468,Xã Thanh Thủy,11
15471,Xã Thanh Phong,11
15474,Thị trấn Tân Thanh,11
15477,Xã Thanh Tân,11
15480,Xã Liêm Túc,11
15483,Xã Liêm Sơn,11
15486,Xã Thanh Hương,11
15489,Xã Thanh Nghị,11
15492,Xã Thanh Tâm,11
15495,Xã Thanh Nguyên,11
15498,Xã Thanh Hải,11
15501,Thị trấn Bình Mỹ,11
15504,Xã Bình Nghĩa,11
15510,Xã Tràng An,11
15516,Xã Đồng Du,11
15519,Xã Ngọc Lũ,11
15525,Xã Đồn Xá,11
15528,Xã An Ninh,11
15531,Xã Bồ Đề,11
15540,Xã Bình An,11
15543,Xã Vũ Bản,11
15546,Xã Trung Lương,11
15552,Xã An Đổ,11
15555,Xã La Sơn,11
15558,Xã Tiêu Động,11
15561,Xã An Lão,11
15567,Xã Hợp Lý,11
15570,Xã Nguyên Lý,11
15573,Xã Chính Lý,11
15576,Xã Chân Lý,11
15579,Xã Đạo Lý,11
15582,Xã Công Lý,11
15585,Xã Văn Lý,11
15588,Xã Bắc Lý,11
15591,Xã Đức Lý,11
15594,Xã Trần Hưng Đạo,11
15597,Thị trấn Vĩnh Trụ,11
15600,Xã Nhân Thịnh,11
15606,Xã Nhân Khang,11
15609,Xã Nhân Mỹ,11
15612,Xã Nhân Nghĩa,11
15615,Xã Nhân Chính,11
15618,Xã Nhân Bình,11
15621,Xã Phú Phúc,11
15624,Xã Xuân Khê,11
15627,Xã Tiến Thắng,11
15630,Xã Hòa Hậu,11
15636,Phường Vị Xuyên,17
15657,Phường Trường Thi,17
15666,Phường Trần Hưng Đạo,17
15669,Phường Cửa Bắc,17
15678,Phường Năng Tĩnh,17
15681,Phường Quang Trung,17
15684,Phường Lộc Hạ,17
15687,Phường Lộc Vượng,17
15690,Phường Cửa Nam,17
15693,Phường Lộc Hòa,17
15696,Phường Nam Phong,17
15699,Phường Mỹ Xá,17
15705,Phường Nam Vân,17
15708,Phường Hưng Lộc,17
15711,Xã Mỹ Hà,17
15717,Xã Mỹ Thắng,17
15720,Xã Mỹ Trung,17
15723,Xã Mỹ Tân,17
15726,Xã Mỹ Phúc,17
15732,Xã Mỹ Thuận,17
15735,Xã Mỹ Lộc,17
15741,Thị trấn Gôi,17
15747,Xã Hiển Khánh,17
15750,Xã Minh Tân,17
15753,Xã Hợp Hưng,17
15756,Xã Đại An,17
15762,Xã Cộng Hòa,17
15765,Xã Trung Thành,17
15768,Xã Quang Trung,17
15777,Xã Thành Lợi,17
15780,Xã Kim Thái,17
15783,Xã Liên Minh,17
15786,Xã Đại Thắng,17
15789,Xã Tam Thanh,17
15792,Xã Vĩnh Hào,17
15795,Thị trấn Lâm,17
15801,Xã Trung Nghĩa,17
15807,Xã Tân Minh,17
15810,Xã Yên Thọ,17
15819,Xã Phú Hưng,17
15822,Xã Yên Chính,17
15825,Xã Yên Bình,17
15831,Xã Yên Mỹ,17
15834,Xã Yên Dương,17
15843,Xã Yên Khánh,17
15846,Xã Yên Phong,17
15849,Xã Yên Ninh,17
15852,Xã Yên Lương,17
15861,Xã Yên Tiến,17
15864,Xã Yên Thắng,17
15867,Xã Yên Phúc,17
15870,Xã Yên Cường,17
15873,Xã Yên Lộc,17
15876,Xã Hồng Quang,17
15879,Xã Yên Đồng,17
15882,Xã Yên Khang,17
15885,Xã Yên Nhân,17
15888,Xã Yên Trị,17
15891,Thị trấn Liễu Đề,17
15894,Thị trấn Rạng Đông,17
15900,Xã Đồng Thịnh,17
15906,Xã Nghĩa Thái,17
15909,Xã Hoàng Nam,17
15912,Xã Nghĩa Châu,17
15915,Xã Nghĩa Trung,17
15918,Xã Nghĩa Sơn,17
15921,Xã Nghĩa Lạc,17
15924,Xã Nghĩa Hồng,17
15927,Xã Nghĩa Phong,17
15930,Xã Nghĩa Phú,17
15939,Thị trấn Quỹ Nhất,17
15942,Xã Nghĩa Hùng,17
15945,Xã Nghĩa Lâm,17
15948,Xã Nghĩa Thành,17
15951,Xã Phúc Thắng,17
15954,Xã Nghĩa Lợi,17
15957,Xã Nghĩa Hải,17
15963,Xã Nam Điền,17
15966,Thị trấn Nam Giang,17
15972,Xã Nam Điền,17
15975,Xã Nghĩa An,17
15978,Xã Nam Thắng,17
15984,Xã Hồng Quang,17
15987,Xã Tân Thịnh,17
15990,Xã Nam Cường,17
15993,Xã Nam Hồng,17
15996,Xã Nam Hùng,17
15999,Xã Nam Hoa,17
16002,Xã Nam Dương,17
16005,Xã Nam Thanh,17
16008,Xã Nam Lợi,17
16011,Xã Bình Minh,17
16014,Xã Đồng Sơn,17
16017,Xã Nam Tiến,17
16020,Xã Nam Hải,17
16023,Xã Nam Thái,17
16026,Thị trấn Cổ Lễ,17
16029,Xã Phương Định,17
16032,Xã Trực Chính,17
16035,Xã Trung Đông,17
16038,Xã Liêm Hải,17
16041,Xã Trực Tuấn,17
16044,Xã Việt Hùng,17
16047,Xã Trực Đạo,17
16050,Xã Trực Hưng,17
16053,Xã Trực Nội,17
16056,Thị trấn Cát Thành,17
16059,Xã Trực Thanh,17
16062,Xã Trực Khang,17
16065,Xã Trực Thuận,17
16068,Xã Trực Mỹ,17
16071,Xã Trực Đại,17
16074,Xã Trực Cường,17
16077,Thị trấn Ninh Cường,17
16080,Xã Trực Thái,17
16083,Xã Trực Hùng,17
16086,Xã Trực Thắng,17
16089,Thị trấn Xuân Trường,17
16092,Xã Xuân Châu,17
16095,Xã Xuân Hồng,17
16098,Xã Xuân Thành,17
16101,Xã Xuân Thượng,17
16104,Xã Xuân Giang,17
16110,Xã Xuân Tân,17
16116,Xã Xuân Ngọc,17
16122,Xã Trà Lũ,17
16125,Xã Thọ Nghiệp,17
16128,Xã Xuân Phú,17
16134,Xã Xuân Vinh,17
16143,Xã Xuân Ninh,17
16146,Xã Xuân Phúc,17
16152,Thị trấn Quất Lâm,17
16155,Xã Giao Hương,17
16158,Xã Hồng Thuận,17
16161,Xã Giao Thiện,17
16164,Xã Giao Thanh,17
16167,Thị trấn Giao Thủy,17
16170,Xã Bình Hòa,17
16176,Xã Giao Hà,17
16179,Xã Giao Nhân,17
16182,Xã Giao An,17
16185,Xã Giao Lạc,17
16188,Xã Giao Châu,17
16191,Xã Giao Tân,17
16194,Xã Giao Yến,17
16197,Xã Giao Xuân,17
16200,Xã Giao Thịnh,17
16203,Xã Giao Hải,17
16206,Xã Bạch Long,17
16209,Xã Giao Long,17
16212,Xã Giao Phong,17
16215,Thị trấn Yên Định,17
16218,Thị trấn Cồn,17
16221,Thị trấn Thịnh Long,17
16224,Xã Hải Nam,17
16227,Xã Hải Trung,17
16233,Xã Hải Minh,17
16236,Xã Hải Anh,17
16248,Xã Hải Hưng,17
16254,Xã Hải Long,17
16260,Xã Hải Đường,17
16263,Xã Hải Lộc,17
16266,Xã Hải Quang,17
16269,Xã Hải Đông,17
16272,Xã Hải Sơn,17
16275,Xã Hải Tân,17
16281,Xã Hải Phong,17
16284,Xã Hải An,17
16287,Xã Hải Tây,17
16293,Xã Hải Phú,17
16296,Xã Hải Giang,17
16302,Xã Hải Ninh,17
16308,Xã Hải Xuân,17
16311,Xã Hải Châu,17
16317,Xã Hải Hòa,17
16362,Phường Bắc Sơn,16
16365,Phường Trung Sơn,16
16368,Phường Nam Sơn,16
16369,Phường Tây Sơn,16
16371,Xã Yên Sơn,16
16374,Phường Yên Bình,16
16375,Phường Tân Bình,16
16377,Xã Quang Sơn,16
16380,Xã Đông Sơn,16
16386,Xã Xích Thổ,16
16389,Xã Gia Lâm,16
16392,Xã Gia Sơn,16
16395,Xã Thạch Bình,16
16398,Xã Gia Thủy,16
16401,Xã Gia Tường,16
16404,Xã Cúc Phương,16
16407,Xã Phú Sơn,16
16410,Xã Đức Long,16
16413,Xã Lạc Vân,16
16416,Xã Đồng Phong,16
16419,Xã Yên Quang,16
16425,Xã Thượng Hòa,16
16428,Thị trấn Nho Quan,16
16431,Xã Văn Phương,16
16434,Xã Thanh Sơn,16
16437,Xã Phúc Sơn,16
16443,Xã Văn Phú,16
16446,Xã Phú Lộc,16
16449,Xã Kỳ Phú,16
16452,Xã Quỳnh Lưu,16
16458,Xã Phú Long,16
16461,Xã Quảng Lạc,16
16464,Thị trấn Thịnh Vượng,16
16467,Xã Gia Hòa,16
16470,Xã Gia Hưng,16
16473,Xã Liên Sơn,16
16476,Xã Gia Thanh,16
16479,Xã Gia Vân,16
16482,Xã Gia Phú,16
16485,Xã Gia Xuân,16
16488,Xã Gia Lập,16
16494,Xã Gia Trấn,16
16500,Xã Gia Phương,16
16503,Xã Gia Tân,16
16506,Xã Tiến Thắng,16
16509,Xã Gia Trung,16
16512,Xã Gia Minh,16
16515,Xã Gia Lạc,16
16521,Xã Gia Sinh,16
16524,Xã Gia Phong,16
16320,Phường Đông Thành,16
16323,Phường Tân Thành,16
16329,Phường Vân Giang,16
16332,Phường Bích Đào,16
16338,Phường Nam Bình,16
16341,Phường Nam Thành,16
16344,Phường Ninh Khánh,16
16347,Xã Ninh Nhất,16
16350,Xã Ninh Tiến,16
16353,Phường Ninh Phúc,16
16356,Phường Ninh Sơn,16
16359,Phường Ninh Phong,16
16527,Phường Ninh Mỹ,16
16530,Phường Ninh Giang,16
16533,Xã Trường Yên,16
16536,Xã Ninh Khang,16
16542,Xã Ninh Hòa,16
16551,Xã Ninh Hải,16
16554,Xã Ninh Vân,16
16557,Xã Ninh An,16
16560,Thị trấn Yên Ninh,16
16563,Xã Khánh Thiện,16
16566,Xã Khánh Phú,16
16569,Xã Khánh Hòa,16
16572,Xã Khánh Lợi,16
16575,Xã Khánh An,16
16578,Xã Khánh Cường,16
16581,Xã Khánh Cư,16
16587,Xã Khánh Hải,16
16590,Xã Khánh Trung,16
16593,Xã Khánh Mậu,16
16596,Xã Khánh Vân,16
16599,Xã Khánh Hội,16
16602,Xã Khánh Công,16
16608,Xã Khánh Thành,16
16611,Xã Khánh Nhạc,16
16614,Xã Khánh Thủy,16
16617,Xã Khánh Hồng,16
16620,Thị trấn Phát Diệm,16
16623,Thị trấn Bình Minh,16
16629,Xã Hồi Ninh,16
16632,Xã Xuân Chính,16
16635,Xã Kim Định,16
16638,Xã Ân Hòa,16
16641,Xã Hùng Tiến,16
16647,Xã Quang Thiện,16
16650,Xã Như Hòa,16
16653,Xã Chất Bình,16
16656,Xã Đồng Hướng,16
16659,Xã Kim Chính,16
16662,Xã Thượng Kiệm,16
16668,Xã Tân Thành,16
16671,Xã Yên Lộc,16
16674,Xã Lai Thành,16
16677,Xã Định Hóa,16
16680,Xã Văn Hải,16
16683,Xã Kim Tân,16
16686,Xã Kim Mỹ,16
16689,Xã Cồn Thoi,16
16695,Xã Kim Trung,16
16698,Xã Kim Đông,16
16701,Thị trấn Yên Thịnh,16
16704,Xã Khánh Thượng,16
16707,Xã Khánh Dương,16
16719,Xã Yên Phong,16
16722,Xã Yên Hòa,16
16725,Xã Yên Thắng,16
16728,Xã Yên Từ,16
16734,Xã Yên Thành,16
16737,Xã Yên Nhân,16
16740,Xã Yên Mỹ,16
16743,Xã Yên Mạc,16
16746,Xã Yên Đồng,16
16749,Xã Yên Thái,16
16752,Xã Yên Lâm,16
16755,Phường Hàm Rồng,44
16758,Phường Đông Thọ,44
16761,Phường Nam Ngạn,44
16764,Phường Trường Thi,44
16767,Phường Điện Biên,44
16770,Phường Phú Sơn,44
16773,Phường Lam Sơn,44
16776,Phường Ba Đình,44
16779,Phường Ngọc Trạo,44
16782,Phường Đông Vệ,44
16785,Phường Đông Sơn,44
16791,Phường Đông Cương,44
16794,Phường Đông Hương,44
16797,Phường Đông Hải,44
16800,Phường Quảng Hưng,44
16803,Phường Quảng Thắng,44
16806,Phường Quảng Thành,44
17850,Xã Thiệu Vân,44
17856,Phường Thiệu Khánh,44
17859,Phường Thiệu Dương,44
17913,Phường Tào Xuyên,44
17922,Phường Long Anh,44
17925,Phường Hoằng Quang,44
17970,Phường Hoằng Đại,44
18378,Phường Rừng Thông,44
18381,Xã Đông Hoàng,44
18384,Xã Đông Ninh,44
18390,Xã Đông Hòa,44
18393,Xã Đông Yên,44
18396,Phường Đông Lĩnh,44
18399,Xã Đông Minh,44
18402,Xã Đông Thanh,44
18405,Xã Đông Tiến,44
18408,Xã Đông Khê,44
18414,Phường Đông Thịnh,44
18417,Xã Đông Văn,44
18420,Xã Đông Phú,44
18423,Xã Đông Nam,44
18426,Xã Đông Quang,44
18429,Xã Đông Vinh,44
18432,Phường Đông Tân,44
18435,Phường An Hưng,44
18441,Phường Quảng Thịnh,44
18459,Phường Quảng Đông,44
18507,Phường Quảng Cát,44
18522,Phường Quảng Phú,44
18525,Phường Quảng Tâm,44
16809,Phường Bắc Sơn,44
16812,Phường Ba Đình,44
16815,Phường Lam Sơn,44
16818,Phường Ngọc Trạo,44
16821,Phường Đông Sơn,44
16823,Phường Phú Sơn,44
16824,Xã Quang Trung,44
16830,Phường Trung Sơn,44
16833,Phường Bắc Sơn,44
16836,Phường Trường Sơn,44
16839,Phường Quảng Cư,44
16842,Phường Quảng Tiến,44
18513,Xã Quảng Minh,44
18516,Xã Đại Hùng,44
18528,Phường Quảng Thọ,44
18531,Phường Quảng Châu,44
18534,Phường Quảng Vinh,44
16845,Thị trấn Mường Lát,44
16848,Xã Tam Chung,44
16854,Xã Mường Lý,44
16857,Xã Trung Lý,44
16860,Xã Quang Chiểu,44
16863,Xã Pù Nhi,44
16864,Xã Nhi Sơn,44
16866,Xã Mường Chanh,44
16869,Thị trấn Hồi Xuân,44
16872,Xã Thành Sơn,44
16875,Xã Trung Sơn,44
16878,Xã Phú Thanh,44
16881,Xã Trung Thành,44
16884,Xã Phú Lệ,44
16887,Xã Phú Sơn,44
16890,Xã Phú Xuân,44
16896,Xã Hiền Chung,44
16899,Xã Hiền Kiệt,44
16902,Xã Nam Tiến,44
16908,Xã Thiên Phủ,44
16911,Xã Phú Nghiêm,44
16914,Xã Nam Xuân,44
16917,Xã Nam Động,44
16923,Thị trấn Cành Nàng,44
16926,Xã Điền Thượng,44
16929,Xã Điền Hạ,44
16932,Xã Điền Quang,44
16935,Xã Điền Trung,44
16938,Xã Thành Sơn,44
16941,Xã Lương Ngoại,44
16944,Xã Ái Thượng,44
16947,Xã Lương Nội,44
16950,Xã Điền Lư,44
16953,Xã Lương Trung,44
16956,Xã Lũng Niêm,44
16959,Xã Lũng Cao,44
16962,Xã Hạ Trung,44
16965,Xã Cổ Lũng,44
16968,Xã Thành Lâm,44
16971,Xã Ban Công,44
16974,Xã Kỳ Tân,44
16977,Xã Văn Nho,44
16980,Xã Thiết Ống,44
16986,Xã Thiết Kế,44
16995,Xã Trung Xuân,44
16998,Xã Trung Thượng,44
16999,Xã Trung Tiến,44
17001,Xã Trung Hạ,44
17004,Xã Sơn Hà,44
17007,Xã Tam Thanh,44
17010,Xã Sơn Thủy,44
17013,Xã Na Mèo,44
17016,Thị trấn Sơn Lư,44
17019,Xã Tam Lư,44
17022,Xã Sơn Điện,44
17025,Xã Mường Mìn,44
17031,Xã Yên Khương,44
17034,Xã Yên Thắng,44
17037,Xã Trí Nang,44
17040,Xã Giao An,44
17043,Xã Giao Thiện,44
17046,Xã Tân Phúc,44
17049,Xã Tam Văn,44
17052,Xã Lâm Phú,44
17055,Thị trấn Lang Chánh,44
17058,Xã Đồng Lương,44
17061,Thị trấn Ngọc Lặc,44
17064,Xã Lam Sơn,44
17067,Xã Mỹ Tân,44
17070,Xã Thúy Sơn,44
17073,Xã Thạch Lập,44
17076,Xã Vân Âm,44
17079,Xã Cao Ngọc,44
17085,Xã Quang Trung,44
17088,Xã Đồng Thịnh,44
17091,Xã Ngọc Liên,44
17094,Xã Ngọc Sơn,44
17097,Xã Lộc Thịnh,44
17100,Xã Cao Thịnh,44
17103,Xã Ngọc Trung,44
17106,Xã Phùng Giáo,44
17109,Xã Phùng Minh,44
17112,Xã Phúc Thịnh,44
17115,Xã Nguyệt Ấn,44
17118,Xã Kiên Thọ,44
17121,Xã Minh Tiến,44
17124,Xã Minh Sơn,44
17127,Thị trấn Phong Sơn,44
17133,Xã Cẩm Thành,44
17136,Xã Cẩm Quý,44
17139,Xã Cẩm Lương,44
17142,Xã Cẩm Thạch,44
17145,Xã Cẩm Liên,44
17148,Xã Cẩm Giang,44
17151,Xã Cẩm Bình,44
17154,Xã Cẩm Tú,44
17160,Xã Cẩm Châu,44
17163,Xã Cẩm Tâm,44
17169,Xã Cẩm Ngọc,44
17172,Xã Cẩm Long,44
17175,Xã Cẩm Yên,44
17178,Xã Cẩm Tân,44
17181,Xã Cẩm Phú,44
17184,Xã Cẩm Vân,44
17187,Thị trấn Kim Tân,44
17190,Thị trấn Vân Du,44
17196,Xã Thạch Lâm,44
17199,Xã Thạch Quảng,44
17202,Xã Thạch Tượng,44
17205,Xã Thạch Cẩm,44
17208,Xã Thạch Sơn,44
17211,Xã Thạch Bình,44
17214,Xã Thạch Định,44
17220,Xã Thạch Long,44
17223,Xã Thành Mỹ,44
17226,Xã Thành Yên,44
17229,Xã Thành Vinh,44
17232,Xã Thành Minh,44
17235,Xã Thành Công,44
17238,Xã Thành Tân,44
17241,Xã Thành Trực,44
17247,Xã Thành Tâm,44
17250,Xã Thành An,44
17253,Xã Thành Thọ,44
17256,Xã Thành Tiến,44
17259,Xã Thành Long,44
17265,Xã Thành Hưng,44
17268,Xã Ngọc Trạo,44
17271,Thị trấn Hà Trung,44
17274,Thị trấn Hà Long,44
17277,Xã Hà Vinh,44
17280,Xã Hà Bắc,44
17283,Xã Hoạt Giang,44
17286,Xã Yên Dương,44
17292,Xã Hà Giang,44
17298,Xã Lĩnh Toại,44
17304,Xã Hà Ngọc,44
17307,Xã Yến Sơn,44
17313,Xã Hà Sơn,44
17316,Thị trấn Hà Lĩnh,44
17319,Xã Hà Đông,44
17322,Xã Hà Tân,44
17325,Xã Hà Tiến,44
17328,Xã Hà Bình,44
17331,Xã Thái Lai,44
17334,Xã Hà Châu,44
17343,Xã Hà Hải,44
17349,Thị trấn Vĩnh Lộc,44
17352,Xã Vĩnh Quang,44
17355,Xã Vĩnh Yên,44
17358,Xã Vĩnh Tiến,44
17361,Xã Vĩnh Long,44
17364,Xã Vĩnh Phúc,44
17367,Xã Vĩnh Hưng,44
17376,Xã Vĩnh Hòa,44
17379,Xã Vĩnh Hùng,44
17382,Xã Minh Tân,44
17385,Xã Ninh Khang,44
17388,Xã Vĩnh Thịnh,44
17391,Xã Vĩnh An,44
17397,Thị trấn Thống Nhất,44
17403,Thị trấn Yên Lâm,44
17406,Xã Yên Tâm,44
17409,Xã Yên Phú,44
17412,Thị trấn Quý Lộc,44
17415,Xã Yên Thọ,44
17418,Xã Yên Trung,44
17421,Xã Yên Trường,44
17427,Xã Yên Phong,44
17430,Xã Yên Thái,44
17433,Xã Yên Hùng,44
17436,Xã Yên Thịnh,44
17442,Xã Yên Ninh,44
17445,Xã Định Tăng,44
17448,Xã Định Hòa,44
17451,Xã Định Thành,44
17454,Xã Định Công,44
17457,Xã Định Tân,44
17460,Xã Định Tiến,44
17463,Xã Định Long,44
17466,Xã Định Liên,44
17469,Thị trấn Quán Lào,44
17472,Xã Định Hưng,44
17475,Xã Định Hải,44
17478,Xã Định Bình,44
17493,Xã Xuân Hồng,44
17499,Thị trấn Thọ Xuân,44
17502,Xã Bắc Lương,44
17505,Xã Nam Giang,44
17508,Xã Xuân Phong,44
17511,Xã Thọ Lộc,44
17514,Xã Xuân Trường,44
17517,Xã Xuân Hòa,44
17520,Xã Thọ Hải,44
17523,Xã Tây Hồ,44
17526,Xã Xuân Giang,44
17532,Xã Xuân Sinh,44
17535,Xã Xuân Hưng,44
17538,Xã Thọ Diên,44
17541,Xã Thọ Lâm,44
17544,Xã Thọ Xương,44
17547,Xã Xuân Bái,44
17550,Xã Xuân Phú,44
17553,Thị trấn Sao Vàng,44
17556,Thị trấn Lam Sơn,44
17559,Xã Xuân Thiên,44
17565,Xã Thuận Minh,44
17568,Xã Thọ Lập,44
17571,Xã Quảng Phú,44
17574,Xã Xuân Tín,44
17577,Xã Phú Xuân,44
17583,Xã Xuân Lai,44
17586,Xã Xuân Lập,44
17592,Xã Xuân Minh,44
17598,Xã Trường Xuân,44
17607,Xã Bát Mọt,44
17610,Xã Yên Nhân,44
17619,Xã Xuân Lẹ,44
17622,Xã Vạn Xuân,44
17628,Xã Lương Sơn,44
17631,Xã Xuân Cao,44
17634,Xã Luận Thành,44
17637,Xã Luận Khê,44
17640,Xã Xuân Thắng,44
17643,Xã Xuân Lộc,44
17646,Thị trấn Thường Xuân,44
17649,Xã Xuân Dương,44
17652,Xã Thọ Thanh,44
17655,Xã Ngọc Phụng,44
17658,Xã Xuân Chinh,44
17661,Xã Tân Thành,44
17664,Thị trấn Triệu Sơn,44
17667,Xã Thọ Sơn,44
17670,Xã Thọ Bình,44
17673,Xã Thọ Tiến,44
17676,Xã Hợp Lý,44
17679,Xã Hợp Tiến,44
17682,Xã Hợp Thành,44
17685,Xã Triệu Thành,44
17688,Xã Hợp Thắng,44
17691,Xã Minh Sơn,44
17700,Xã Dân Lực,44
17703,Xã Dân Lý,44
17706,Xã Dân Quyền,44
17709,Xã An Nông,44
17712,Xã Văn Sơn,44
17715,Xã Thái Hòa,44
17718,Thị trấn Nưa,44
17721,Xã Đồng Lợi,44
17724,Xã Đồng Tiến,44
17727,Xã Đồng Thắng,44
17730,Xã Tiến Nông,44
17733,Xã Khuyến Nông,44
17736,Xã Xuân Lộc,44
17742,Xã Thọ Dân,44
17745,Xã Xuân Thọ,44
17748,Xã Thọ Tân,44
17751,Xã Thọ Ngọc,44
17754,Xã Thọ Cường,44
17760,Xã Thọ Phú,44
17763,Xã Thọ Thế,44
17766,Xã Nông Trường,44
17769,Xã Bình Sơn,44
17772,Thị trấn Thiệu Hóa,44
17775,Xã Thiệu Ngọc,44
17778,Xã Thiệu Vũ,44
17781,Xã Thiệu Phúc,44
17784,Xã Thiệu Tiến,44
17787,Xã Thiệu Công,44
17793,Xã Thiệu Long,44
17796,Xã Thiệu Giang,44
17799,Xã Thiệu Duy,44
17802,Xã Thiệu Nguyên,44
17805,Xã Thiệu Hợp,44
17808,Xã Thiệu Thịnh,44
17811,Xã Thiệu Quang,44
17814,Xã Thiệu Thành,44
17817,Xã Thiệu Toán,44
17820,Xã Thiệu Chính,44
17823,Xã Thiệu Hòa,44
17829,Thị trấn Hậu Hiền,44
17832,Xã Thiệu Viên,44
17835,Xã Thiệu Lý,44
17838,Xã Thiệu Vận,44
17841,Xã Thiệu Trung,44
17847,Xã Tân Châu,44
17853,Xã Thiệu Giao,44
17865,Thị trấn Bút Sơn,44
17877,Xã Hoằng Xuân,44
17880,Xã Hoằng Giang,44
17883,Xã Hoằng Phú,44
17886,Xã Hoằng Quỳ,44
17889,Xã Hoằng Kim,44
17892,Xã Hoằng Trung,44
17895,Xã Hoằng Trinh,44
17901,Xã Hoằng Sơn,44
17907,Xã Hoằng Cát,44
17910,Xã Hoằng Xuyên,44
17916,Xã Hoằng Quý,44
17919,Xã Hoằng Hợp,44
17928,Xã Hoằng Đức,44
17937,Xã Hoằng Hà,44
17940,Xã Hoằng Đạt,44
17946,Xã Hoằng Đạo,44
17949,Xã Hoằng Thắng,44
17952,Xã Hoằng Đồng,44
17955,Xã Hoằng Thái,44
17958,Xã Hoằng Thịnh,44
17961,Xã Hoằng Thành,44
17964,Xã Hoằng Lộc,44
17967,Xã Hoằng Trạch,44
17973,Xã Hoằng Phong,44
17976,Xã Hoằng Lưu,44
17979,Xã Hoằng Châu,44
17982,Xã Hoằng Tân,44
17985,Xã Hoằng Yến,44
17988,Xã Hoằng Tiến,44
17991,Xã Hoằng Hải,44
17994,Xã Hoằng Ngọc,44
17997,Xã Hoằng Đông,44
18000,Xã Hoằng Thanh,44
18003,Xã Hoằng Phụ,44
18006,Xã Hoằng Trường,44
18012,Thị trấn Hậu Lộc,44
18015,Xã Đồng Lộc,44
18018,Xã Đại Lộc,44
18021,Xã Triệu Lộc,44
18027,Xã Tiến Lộc,44
18030,Xã Lộc Sơn,44
18033,Xã Cầu Lộc,44
18036,Xã Thành Lộc,44
18042,Xã Tuy Lộc,44
18045,Xã Mỹ Lộc,44
18048,Xã Thuần Lộc,44
18057,Xã Xuân Lộc,44
18063,Xã Hoa Lộc,44
18066,Xã Liên Lộc,44
18069,Xã Quang Lộc,44
18072,Xã Phú Lộc,44
18075,Xã Hòa Lộc,44
18078,Xã Minh Lộc,44
18081,Xã Hưng Lộc,44
18084,Xã Hải Lộc,44
18087,Xã Đa Lộc,44
18090,Xã Ngư Lộc,44
18093,Thị trấn Nga Sơn,44
18096,Xã Ba Đình,44
18099,Xã Nga Vịnh,44
18102,Xã Nga Văn,44
18105,Xã Nga Thiện,44
18108,Xã Nga Tiến,44
18114,Xã Nga Phượng,44
18120,Xã Nga Hiệp,44
18123,Xã Nga Thanh,44
18132,Xã Nga Yên,44
18135,Xã Nga Giáp,44
18138,Xã Nga Hải,44
18141,Xã Nga Thành,44
18144,Xã Nga An,44
18147,Xã Nga Phú,44
18150,Xã Nga Điền,44
18153,Xã Nga Tân,44
18156,Xã Nga Thủy,44
18159,Xã Nga Liên,44
18162,Xã Nga Thái,44
18165,Xã Nga Thạch,44
18168,Xã Nga Thắng,44
18171,Xã Nga Trường,44
18174,Thị trấn Yên Cát,44
18177,Xã Bãi Trành,44
18180,Xã Xuân Hòa,44
18183,Xã Xuân Bình,44
18186,Xã Hóa Quỳ,44
18195,Xã Cát Vân,44
18198,Xã Cát Tân,44
18201,Xã Tân Bình,44
18204,Xã Bình Lương,44
18207,Xã Thanh Quân,44
18210,Xã Thanh Xuân,44
18213,Xã Thanh Hòa,44
18216,Xã Thanh Phong,44
18219,Xã Thanh Lâm,44
18222,Xã Thanh Sơn,44
18225,Xã Thượng Ninh,44
18228,Thị trấn Bến Sung,44
18231,Xã Cán Khê,44
18234,Xã Xuân Du,44
18240,Xã Phượng Nghi,44
18243,Xã Mậu Lâm,44
18246,Xã Xuân Khang,44
18249,Xã Phú Nhuận,44
18252,Xã Hải Long,44
18258,Xã Xuân Thái,44
18261,Xã Xuân Phúc,44
18264,Xã Yên Thọ,44
18267,Xã Yên Lạc,44
18273,Xã Thanh Tân,44
18276,Xã Thanh Kỳ,44
18279,Thị trấn Nông Cống,44
18282,Xã Tân Phúc,44
18285,Xã Tân Thọ,44
18288,Xã Hoàng Sơn,44
18291,Xã Tân Khang,44
18294,Xã Hoàng Giang,44
18297,Xã Trung Chính,44
18303,Xã Trung Thành,44
18309,Xã Tế Thắng,44
18315,Xã Tế Lợi,44
18318,Xã Tế Nông,44
18321,Xã Minh Nghĩa,44
18324,Xã Minh Khôi,44
18327,Xã Vạn Hòa,44
18330,Xã Trường Trung,44
18333,Xã Vạn Thắng,44
18336,Xã Trường Giang,44
18339,Xã Vạn Thiện,44
18342,Xã Thăng Long,44
18345,Xã Trường Minh,44
18348,Xã Trường Sơn,44
18351,Xã Thăng Bình,44
18354,Xã Công Liêm,44
18357,Xã Tượng Văn,44
18360,Xã Thăng Thọ,44
18363,Xã Tượng Lĩnh,44
18366,Xã Tượng Sơn,44
18369,Xã Công Chính,44
18375,Xã Yên Mỹ,44
18438,Thị trấn Tân Phong,44
18447,Xã Quảng Trạch,44
18453,Xã Quảng Đức,44
18456,Xã Quảng Định,44
18462,Xã Quảng Nhân,44
18465,Xã Quảng Ninh,44
18468,Xã Quảng Bình,44
18471,Xã Quảng Hợp,44
18474,Xã Quảng Văn,44
18477,Xã Quảng Long,44
18480,Xã Quảng Yên,44
18483,Xã Quảng Hòa,44
18489,Xã Quảng Khê,44
18492,Xã Quảng Trung,44
18495,Xã Quảng Chính,44
18498,Xã Quảng Ngọc,44
18501,Xã Quảng Trường,44
18510,Xã Quảng Phúc,44
18519,Xã Quảng Giao,44
18540,Xã Quảng Hải,44
18543,Xã Quảng Lưu,44
18546,Xã Quảng Lộc,44
18549,Xã Tiên Trang,44
18552,Xã Quảng Nham,44
18555,Xã Quảng Thạch,44
18558,Xã Quảng Thái,44
18561,Phường Hải Hòa,44
18564,Phường Hải Châu,44
18567,Xã Thanh Thủy,44
18570,Xã Thanh Sơn,44
18576,Phường Hải Ninh,44
18579,Xã Anh Sơn,44
18582,Xã Ngọc Lĩnh,44
18585,Phường Hải An,44
18591,Xã Các Sơn,44
18594,Phường Tân Dân,44
18597,Phường Hải Lĩnh,44
18600,Xã Định Hải,44
18603,Xã Phú Sơn,44
18606,Phường Ninh Hải,44
18609,Phường Nguyên Bình,44
18612,Xã Hải Nhân,44
18618,Phường Bình Minh,44
18621,Phường Hải Thanh,44
18624,Xã Phú Lâm,44
18627,Phường Xuân Lâm,44
18630,Phường Trúc Lâm,44
18633,Phường Hải Bình,44
18636,Xã Tân Trường,44
18639,Xã Tùng Lâm,44
18642,Phường Tĩnh Hải,44
18645,Phường Mai Lâm,44
18648,Xã Trường Lâm,44
18654,Phường Hải Thượng,44
18657,Xã Nghi Sơn,44
18660,Xã Hải Hà,44
18663,Phường Đông Vĩnh,37
18666,Phường Hà Huy Tập,37
18669,Phường Lê Lợi,37
18670,Phường Quán Bàu,37
18672,Phường Hưng Bình,37
18673,Phường Hưng Phúc,37
18675,Phường Hưng Dũng,37
18678,Phường Cửa Nam,37
18681,Phường Quang Trung,37
18690,Phường Trường Thi,37
18693,Phường Bến Thủy,37
18699,Phường Trung Đô,37
18702,Phường Nghi Phú,37
18705,Phường Hưng Đông,37
18708,Phường Hưng Lộc,37
18711,Xã Hưng Hòa,37
18714,Phường Vinh Tân,37
18717,Phường Nghi Thuỷ,37
18720,Phường Nghi Tân,37
18723,Phường Thu Thuỷ,37
18726,Phường Nghi Hòa,37
18729,Phường Nghi Hải,37
18732,Phường Nghi Hương,37
18735,Phường Nghi Thu,37
19902,Xã Nghi Phong,37
19905,Xã Nghi Xuân,37
19908,Xã Nghi Liên,37
19914,Xã Nghi Ân,37
19917,Xã Phúc Thọ,37
19920,Xã Nghi Kim,37
19923,Phường Nghi Đức,37
19926,Xã Nghi Thái,37
20013,Xã Hưng Chính,37
18939,Phường Hoà Hiếu,37
18993,Phường Quang Phong,37
18994,Phường Quang Tiến,37
19003,Phường Long Sơn,37
19005,Xã Nghĩa Tiến,37
19008,Xã Nghĩa Mỹ,37
19011,Xã Tây Hiếu,37
19014,Xã Nghĩa Thuận,37
19017,Xã Đông Hiếu,37
18738,Thị trấn Kim Sơn,37
18741,Xã Thông Thụ,37
18744,Xã Đồng Văn,37
18747,Xã Hạnh Dịch,37
18750,Xã Tiền Phong,37
18753,Xã Nậm Giải,37
18756,Xã Tri Lễ,37
18759,Xã Châu Kim,37
18763,Xã Mường Nọc,37
18765,Xã Châu Thôn,37
18768,Xã Nậm Nhoóng,37
18771,Xã Quang Phong,37
18774,Xã Căm Muộn,37
18777,Thị trấn Tân Lạc,37
18780,Xã Châu Bính,37
18783,Xã Châu Thuận,37
18786,Xã Châu Hội,37
18789,Xã Châu Nga,37
18792,Xã Châu Tiến,37
18795,Xã Châu Hạnh,37
18798,Xã Châu Thắng,37
18801,Xã Châu Phong,37
18804,Xã Châu Bình,37
18807,Xã Châu Hoàn,37
18810,Xã Diên Lãm,37
18813,Thị trấn Mường Xén,37
18816,Xã Mỹ Lý,37
18819,Xã Bắc Lý,37
18822,Xã Keng Đu,37
18825,Xã Đoọc Mạy,37
18828,Xã Huồi Tụ,37
18831,Xã Mường Lống,37
18834,Xã Na Loi,37
18837,Xã Nậm Cắn,37
18840,Xã Bảo Nam,37
18843,Xã Phà Đánh,37
18846,Xã Bảo Thắng,37
18849,Xã Hữu Lập,37
18852,Xã Tà Cạ,37
18855,Xã Chiêu Lưu,37
18858,Xã Mường Típ,37
18861,Xã Hữu Kiệm,37
18864,Xã Tây Sơn,37
18867,Xã Mường Ải,37
18870,Xã Na Ngoi,37
18873,Xã Nậm Càn,37
18876,Thị trấn Thạch Giám,37
18879,Xã Mai Sơn,37
18882,Xã Nhôn Mai,37
18885,Xã Hữu Khuông,37
18900,Xã Yên Tĩnh,37
18903,Xã Nga My,37
18904,Xã Xiêng My,37
18906,Xã Lưỡng Minh,37
18909,Xã Yên Hòa,37
18912,Xã Yên Na,37
18915,Xã Lưu Kiền,37
18921,Xã Xá Lượng,37
18924,Xã Tam Thái,37
18927,Xã Tam Đình,37
18930,Xã Yên Thắng,37
18933,Xã Tam Quang,37
18936,Xã Tam Hợp,37
18941,Thị trấn Nghĩa Đàn,37
18942,Xã Nghĩa Mai,37
18945,Xã Nghĩa Yên,37
18948,Xã Nghĩa Lạc,37
18951,Xã Nghĩa Lâm,37
18954,Xã Nghĩa Sơn,37
18957,Xã Nghĩa Lợi,37
18960,Xã Nghĩa Bình,37
18966,Xã Nghĩa Minh,37
18969,Xã Nghĩa Thọ,37
18972,Xã Nghĩa Hưng,37
18975,Xã Nghĩa Hồng,37
18981,Xã Nghĩa Trung,37
18984,Xã Nghĩa Hội,37
18987,Xã Nghĩa Thành,37
19020,Xã Nghĩa Đức,37
19023,Xã Nghĩa An,37
19026,Xã Nghĩa Long,37
19029,Xã Nghĩa Lộc,37
19032,Xã Nghĩa Khánh,37
19035,Thị trấn Quỳ Hợp,37
19038,Xã Yên Hợp,37
19041,Xã Châu Tiến,37
19044,Xã Châu Hồng,37
19047,Xã Đồng Hợp,37
19050,Xã Châu Thành,37
19053,Xã Liên Hợp,37
19056,Xã Châu Lộc,37
19059,Xã Tam Hợp,37
19062,Xã Châu Cường,37
19065,Xã Châu Quang,37
19068,Xã Thọ Hợp,37
19071,Xã Minh Hợp,37
19074,Xã Nghĩa Xuân,37
19077,Xã Châu Thái,37
19080,Xã Châu Đình,37
19083,Xã Văn Lợi,37
19086,Xã Nam Sơn,37
19089,Xã Châu Lý,37
19092,Xã Hạ Sơn,37
19095,Xã Bắc Sơn,37
19101,Xã Quỳnh Thắng,37
19119,Xã Quỳnh Tân,37
19122,Xã Quỳnh Châu,37
19140,Xã Tân Sơn,37
19143,Xã Quỳnh Văn,37
19146,Xã Ngọc Sơn,37
19149,Xã Quỳnh Tam,37
19152,Xã Quỳnh Sơn,37
19155,Xã Quỳnh Thạch,37
19158,Xã Quỳnh Bảng,37
19164,Xã Quỳnh Thanh,37
19167,Xã Quỳnh Hậu,37
19170,Xã Quỳnh Lâm,37
19173,Xã Quỳnh Đôi,37
19176,Xã Minh Lương,37
19179,Thị trấn Cầu Giát,37
19182,Xã Quỳnh Yên,37
19185,Xã Bình Sơn,37
19191,Xã Quỳnh Diễn,37
19197,Xã Quỳnh Giang,37
19206,Xã An Hòa,37
19209,Xã Phú Nghĩa,37
19212,Xã Văn Hải,37
19218,Xã Thuận Long,37
19224,Xã Tân Thắng,37
19230,Xã Bình Chuẩn,37
19233,Xã Lạng Khê,37
19236,Xã Cam Lâm,37
19239,Xã Thạch Ngàn,37
19242,Xã Đôn Phục,37
19245,Xã Mậu Đức,37
19248,Xã Châu Khê,37
19251,Xã Chi Khê,37
19254,Thị trấn Trà Lân,37
19257,Xã Yên Khê,37
19260,Xã Lục Dạ,37
19263,Xã Môn Sơn,37
19266,Thị trấn Tân Kỳ,37
19269,Xã Tân Hợp,37
19272,Xã Tân Phú,37
19275,Xã Tân Xuân,37
19278,Xã Giai Xuân,37
19281,Xã Bình Hợp,37
19284,Xã Nghĩa Đồng,37
19287,Xã Đồng Văn,37
19290,Xã Nghĩa Thái,37
19296,Xã Hoàn Long,37
19299,Xã Nghĩa Phúc,37
19302,Xã Tiên Kỳ,37
19305,Xã Tân An,37
19308,Xã Nghĩa Dũng,37
19314,Xã Kỳ Sơn,37
19317,Xã Hương Sơn,37
19320,Xã Kỳ Tân,37
19323,Xã Phú Sơn,37
19325,Xã Tân Hương,37
19326,Xã Nghĩa Hành,37
19329,Thị trấn Kim Nhan,37
19332,Xã Thọ Sơn,37
19335,Xã Thành Sơn,37
19338,Xã Bình Sơn,37
19344,Xã Tam Đỉnh,37
19347,Xã Hùng Sơn,37
19350,Xã Cẩm Sơn,37
19353,Xã Đức Sơn,37
19356,Xã Tường Sơn,37
19357,Xã Hoa Sơn,37
19359,Xã Tào Sơn,37
19362,Xã Vĩnh Sơn,37
19365,Xã Lạng Sơn,37
19368,Xã Hội Sơn,37
19374,Xã Phúc Sơn,37
19377,Xã Long Sơn,37
19380,Xã Khai Sơn,37
19383,Xã Lĩnh Sơn,37
19386,Xã Cao Sơn,37
19392,Xã Diễn Lâm,37
19395,Xã Diễn Đoài,37
19398,Xã Diễn Trường,37
19401,Xã Diễn Yên,37
19404,Xã Diễn Hoàng,37
19410,Xã Diễn Mỹ,37
19413,Xã Diễn Hồng,37
19416,Xã Diễn Phong,37
19419,Xã Hùng Hải,37
19425,Xã Diễn Liên,37
19428,Xã Diễn Vạn,37
19431,Xã Diễn Kim,37
19434,Xã Diễn Kỷ,37
19437,Xã Xuân Tháp,37
19440,Xã Diễn Thái,37
19443,Xã Diễn Đồng,37
19449,Xã Hạnh Quảng,37
19452,Xã Ngọc Bích,37
19458,Xã Diễn Nguyên,37
19461,Xã Diễn Hoa,37
19464,Thị trấn Diễn Thành,37
19467,Xã Diễn Phúc,37
19476,Xã Diễn Cát,37
19479,Xã Diễn Thịnh,37
19482,Xã Diễn Tân,37
19485,Xã Minh Châu,37
19488,Xã Diễn Thọ,37
19491,Xã Diễn Lợi,37
19494,Xã Diễn Lộc,37
19497,Xã Diễn Trung,37
19500,Xã Diễn An,37
19503,Xã Diễn Phú,37
19506,Thị trấn Hoa Thành,37
19509,Xã Mã Thành,37
19510,Xã Tiến Thành,37
19512,Xã Lăng Thành,37
19515,Xã Tân Thành,37
19518,Xã Đức Thành,37
19521,Xã Kim Thành,37
19524,Xã Hậu Thành,37
19527,Xã Đô Thành,37
19530,Xã Thọ Thành,37
19533,Xã Quang Thành,37
19536,Xã Tây Thành,37
19539,Xã Phúc Thành,37
19542,Xã Phú Thành,37
19545,Xã Đồng Thành,37
19554,Xã Tăng Thành,37
19557,Xã Văn Thành,37
19560,Xã Thịnh Thành,37
19566,Xã Xuân Thành,37
19569,Xã Bắc Thành,37
19572,Xã Đông Thành,37
19575,Xã Trung Thành,37
19578,Xã Long Thành,37
19581,Xã Minh Thành,37
19584,Xã Nam Thành,37
19587,Xã Vĩnh Thành,37
19596,Xã Viên Thành,37
19602,Xã Liên Thành,37
19605,Xã Bảo Thành,37
19608,Xã Mỹ Thành,37
19611,Xã Vân Tụ,37
19614,Xã Sơn Thành,37
19617,Thị trấn Đô Lương,37
19619,Xã Giang Sơn Đông,37
19620,Xã Giang Sơn Tây,37
19623,Xã Bạch Ngọc,37
19626,Xã Bồi Sơn,37
19629,Xã Hồng Sơn,37
19632,Xã Bài Sơn,37
19638,Xã Bắc Sơn,37
19641,Xã Tràng Sơn,37
19644,Xã Thượng Sơn,37
19647,Xã Hòa Sơn,37
19650,Xã Đặng Sơn,37
19653,Xã Đông Sơn,37
19656,Xã Nam Sơn,37
19659,Xã Lưu Sơn,37
19662,Xã Yên Sơn,37
19665,Xã Văn Sơn,37
19668,Xã Đà Sơn,37
19671,Xã Lạc Sơn,37
19674,Xã Tân Sơn,37
19677,Xã Thái Sơn,37
19680,Xã Quang Sơn,37
19683,Xã Thịnh Sơn,37
19686,Xã Trung Sơn,37
19689,Xã Xuân Sơn,37
19692,Xã Minh Sơn,37
19695,Xã Thuận Sơn,37
19698,Xã Nhân Sơn,37
19701,Xã Hiến Sơn,37
19704,Xã Mỹ Sơn,37
19707,Xã Trù Sơn,37
19710,Xã Đại Sơn,37
19713,Thị trấn Dùng,37
19716,Xã Cát Văn,37
19719,Xã Minh Sơn,37
19722,Xã Hạnh Lâm,37
19723,Xã Thanh Sơn,37
19728,Xã Phong Thịnh,37
19731,Xã Thanh Phong,37
19734,Xã Thanh Mỹ,37
19737,Xã Thanh Tiên,37
19743,Xã Thanh Liên,37
19749,Xã Đại Đồng,37
19755,Xã Thanh Ngọc,37
19758,Xã Thanh Hương,37
19759,Xã Ngọc Lâm,37
19764,Xã Đồng Văn,37
19767,Xã Ngọc Sơn,37
19770,Xã Thanh Thịnh,37
19773,Xã Thanh An,37
19776,Xã Thanh Quả,37
19779,Xã Xuân Dương,37
19785,Xã Minh Tiến,37
19791,Xã Kim Bảng,37
19797,Xã Thanh Thủy,37
19806,Xã Thanh Hà,37
19812,Xã Thanh Tùng,37
19815,Xã Thanh Lâm,37
19818,Xã Mai Giang,37
19821,Xã Thanh Xuân,37
19824,Xã Thanh Đức,37
19827,Thị trấn Quán Hành,37
19830,Xã Nghi Văn,37
19833,Xã Nghi Yên,37
19836,Xã Nghi Tiến,37
19839,Xã Nghi Hưng,37
19842,Xã Nghi Đồng,37
19845,Xã Nghi Thiết,37
19848,Xã Nghi Lâm,37
19851,Xã Nghi Quang,37
19854,Xã Nghi Kiều,37
19857,Xã Nghi Mỹ,37
19860,Xã Nghi Phương,37
19863,Xã Nghi Thuận,37
19866,Xã Nghi Long,37
19869,Xã Nghi Xá,37
19878,Xã Khánh Hợp,37
19884,Xã Nghi Công Bắc,37
19887,Xã Nghi Công Nam,37
19890,Xã Nghi Thạch,37
19893,Xã Nghi Trung,37
19896,Xã Thịnh Trường,37
19899,Xã Diên Hoa,37
19911,Xã Nghi Vạn,37
19932,Xã Nam Hưng,37
19935,Xã Nghĩa Thái,37
19938,Xã Nam Thanh,37
19941,Xã Nam Anh,37
19944,Xã Nam Xuân,37
19950,Thị trấn Nam Đàn,37
19953,Xã Nam Lĩnh,37
19956,Xã Nam Giang,37
19959,Xã Xuân Hòa,37
19962,Xã Hùng Tiến,37
19968,Xã Thượng Tân Lộc,37
19971,Xã Kim Liên,37
19980,Xã Xuân Hồng,37
19983,Xã Nam Cát,37
19986,Xã Khánh Sơn,37
19989,Xã Trung Phúc Cường,37
19998,Xã Nam Kim,37
20001,Thị trấn Hưng Nguyên,37
20004,Xã Hưng Trung,37
20007,Xã Hưng Yên,37
20008,Xã Hưng Yên Bắc,37
20010,Xã Hưng Tây,37
20016,Xã Hưng Đạo,37
20022,Xã Thịnh Mỹ,37
20025,Xã Hưng Lĩnh,37
20028,Xã Thông Tân,37
20037,Xã Hưng Nghĩa,37
20040,Xã Phúc Lợi,37
20043,Xã Long Xá,37
20052,Xã Châu Nhân,37
20055,Xã Xuân Lam,37
20064,Xã Hưng Thành,37
19104,Xã Quỳnh Vinh,37
19107,Xã Quỳnh Lộc,37
19110,Phường Quỳnh Thiện,37
19113,Xã Quỳnh Lập,37
19116,Xã Quỳnh Trang,37
19125,Phường Mai Hùng,37
19128,Phường Quỳnh Dị,37
19131,Phường Quỳnh Xuân,37
19134,Phường Quỳnh Phương,37
19137,Xã Quỳnh Liên,37
20073,Phường Nam Hà,35
20077,Phường Bắc Hà,35
20079,Phường Tân Giang,35
20082,Phường Đại Nài,35
20085,Phường Hà Huy Tập,35
20088,Phường Thạch Trung,35
20091,Phường Thạch Quý,35
20094,Phường Trần Phú,35
20097,Phường Văn Yên,35
20100,Phường Thạch Hạ,35
20103,Phường Đồng Môn,35
20109,Phường Thạch Hưng,35
20112,Xã Thạch Bình,35
20571,Xã Thạch Hải,35
20595,Xã Đỉnh Bàn,35
20598,Xã Hộ Độ,35
20604,Xã Thạch Khê,35
20619,Xã Thạch Trị,35
20622,Xã Thạch Lạc,35
20628,Xã Tượng Sơn,35
20631,Xã Thạch Văn,35
20637,Xã Thạch Thắng,35
20643,Xã Thạch Đài,35
20649,Xã Thạch Hội,35
20652,Xã Tân Lâm Hương,35
20685,Xã Cẩm Bình,35
20691,Xã Cẩm Vịnh,35
20115,Phường Bắc Hồng,35
20118,Phường Nam Hồng,35
20121,Phường Trung Lương,35
20124,Phường Đức Thuận,35
20127,Phường Đậu Liêu,35
20130,Xã Thuận Lộc,35
20133,Thị trấn Phố Châu,35
20136,Thị trấn Tây Sơn,35
20139,Xã Sơn Hồng,35
20142,Xã Sơn Tiến,35
20145,Xã Sơn Lâm,35
20148,Xã Sơn Lễ,35
20157,Xã Sơn Giang,35
20160,Xã Sơn Lĩnh,35
20163,Xã An Hòa Thịnh,35
20172,Xã Sơn Tây,35
20175,Xã Sơn Ninh,35
20178,Xã Châu Bình,35
20181,Xã Tân Mỹ Hà,35
20184,Xã Quang Diệm,35
20187,Xã Sơn Trung,35
20190,Xã Sơn Bằng,35
20196,Xã Sơn Kim 1,35
20199,Xã Sơn Kim 2,35
20202,Xã Mỹ Long,35
20211,Xã Kim Hoa,35
20217,Xã Sơn Phú,35
20223,Xã Hàm Trường,35
20229,Thị trấn Đức Thọ,35
20235,Xã Quang Vĩnh,35
20241,Xã Tùng Châu,35
20244,Xã Trường Sơn,35
20247,Xã Liên Minh,35
20253,Xã Yên Hồ,35
20259,Xã Tùng Ảnh,35
20262,Xã Bùi La Nhân,35
20274,Xã Thanh Bình Thịnh,35
20277,Xã Lâm Trung Thủy,35
20280,Xã Hòa Lạc,35
20283,Xã Tân Dân,35
20298,Xã An Dũng,35
20304,Xã Đức Đồng,35
20307,Xã Đức Lạng,35
20310,Xã Tân Hương,35
20313,Thị trấn Vũ Quang,35
20316,Xã Ân Phú,35
20319,Xã Đức Giang,35
20322,Xã Đức Lĩnh,35
20325,Xã Thọ Điền,35
20328,Xã Đức Hương,35
20331,Xã Đức Bồng,35
20334,Xã Đức Liên,35
20340,Xã Hương Minh,35
20343,Xã Quang Thọ,35
20352,Thị trấn Xuân An,35
20355,Xã Xuân Hội,35
20358,Xã Đan Trường,35
20364,Xã Xuân Phổ,35
20367,Xã Xuân Hải,35
20370,Xã Xuân Giang,35
20373,Thị trấn Tiên Điền,35
20376,Xã Xuân Yên,35
20379,Xã Xuân Mỹ,35
20382,Xã Xuân Thành,35
20385,Xã Xuân Viên,35
20388,Xã Xuân Hồng,35
20391,Xã Cỗ Đạm,35
20394,Xã Xuân Liên,35
20397,Xã Xuân Lĩnh,35
20400,Xã Xuân Lam,35
20403,Xã Cương Gián,35
20406,Thị trấn Nghèn,35
20415,Xã Thiên Lộc,35
20418,Xã Thuần Thiện,35
20427,Xã Vượng Lộc,35
20433,Xã Thanh Lộc,35
20436,Xã Kim Song Trường,35
20439,Xã Thường Nga,35
20445,Xã Tùng Lộc,35
20454,Xã Phú Lộc,35
20463,Xã Gia Hanh,35
20466,Xã Khánh Vĩnh Yên,35
20475,Xã Xuân Lộc,35
20478,Xã Thượng Lộc,35
20481,Xã Quang Lộc,35
20484,Thị trấn Đồng Lộc,35
20487,Xã Mỹ Lộc,35
20490,Xã Sơn Lộc,35
20496,Thị trấn Hương Khê,35
20499,Xã Điền Mỹ,35
20502,Xã Hà Linh,35
20505,Xã Hương Thủy,35
20508,Xã Hòa Hải,35
20514,Xã Phúc Đồng,35
20517,Xã Hương Giang,35
20520,Xã Lộc Yên,35
20523,Xã Hương Bình,35
20526,Xã Hương Long,35
20529,Xã Phú Gia,35
20532,Xã Gia Phố,35
20538,Xã Hương Đô,35
20541,Xã Hương Vĩnh,35
20544,Xã Hương Xuân,35
20547,Xã Phúc Trạch,35
20550,Xã Hương Trà,35
20553,Xã Hương Trạch,35
20556,Xã Hương Lâm,35
20559,Xã Hương Liên,35
20409,Xã Tân Lộc,35
20412,Xã Hồng Lộc,35
20421,Xã Thịnh Lộc,35
20430,Xã Bình An,35
20457,Xã Ích Hậu,35
20493,Xã Phù Lưu,35
20562,Thị trấn Thạch Hà,35
20565,Xã Ngọc Sơn,35
20568,Thị trấn Lộc Hà,35
20577,Xã Thạch Mỹ,35
20580,Xã Thạch Kim,35
20583,Xã Thạch Châu,35
20586,Xã Thạch Kênh,35
20589,Xã Thạch Sơn,35
20592,Xã Thạch Liên,35
20601,Xã Việt Tiến,35
20607,Xã Thạch Long,35
20625,Xã Thạch Ngọc,35
20634,Xã Lưu Vĩnh Sơn,35
20658,Xã Thạch Xuân,35
20667,Xã Nam Điền,35
20670,Xã Mai Phụ,35
20673,Thị trấn Cẩm Xuyên,35
20676,Thị trấn Thiên Cầm,35
20679,Xã Yên Hòa,35
20682,Xã Cẩm Dương,35
20694,Xã Cẩm Thành,35
20697,Xã Cẩm Quang,35
20706,Xã Cẩm Thạch,35
20709,Xã Cẩm Nhượng,35
20712,Xã Nam Phúc Thăng,35
20715,Xã Cẩm Duệ,35
20721,Xã Cẩm Lĩnh,35
20724,Xã Cẩm Quan,35
20727,Xã Cẩm Hà,35
20730,Xã Cẩm Lộc,35
20733,Xã Cẩm Hưng,35
20736,Xã Cẩm Thịnh,35
20739,Xã Cẩm Mỹ,35
20742,Xã Cẩm Trung,35
20745,Xã Cẩm Sơn,35
20748,Xã Cẩm Lạc,35
20751,Xã Cẩm Minh,35
20757,Xã Kỳ Xuân,35
20760,Xã Kỳ Bắc,35
20763,Xã Kỳ Phú,35
20766,Xã Kỳ Phong,35
20769,Xã Kỳ Tiến,35
20772,Xã Kỳ Giang,35
20775,Thị trấn Kỳ Đồng,35
20778,Xã Kỳ Khang,35
20784,Xã Kỳ Văn,35
20787,Xã Kỳ Trung,35
20790,Xã Kỳ Thọ,35
20793,Xã Kỳ Tây,35
20799,Xã Kỳ Thượng,35
20802,Xã Kỳ Hải,35
20805,Xã Kỳ Thư,35
20811,Xã Kỳ Châu,35
20814,Xã Kỳ Tân,35
20838,Xã Lâm Hợp,35
20844,Xã Kỳ Sơn,35
20850,Xã Kỳ Lạc,35
20754,Phường Hưng Trí,35
20781,Phường Kỳ Ninh,35
20796,Xã Kỳ Lợi,35
20808,Xã Kỳ Hà,35
20820,Phường Kỳ Trinh,35
20823,Phường Kỳ Thịnh,35
20829,Xã Kỳ Hoa,35
20832,Phường Kỳ Phương,35
20835,Phường Kỳ Long,35
20841,Phường Kỳ Liên,35
20847,Phường Kỳ Nam,35
20853,Phường Hải Thành,40
20856,Phường Đồng Phú,40
20859,Phường Bắc Lý,40
20865,Phường Nam Lý,40
20868,Phường Đồng Hải,40
20871,Phường Đồng Sơn,40
20874,Phường Phú Hải,40
20877,Phường Bắc Nghĩa,40
20880,Phường Đức Ninh Đông,40
20883,Xã Quang Phú,40
20886,Xã Lộc Ninh,40
20889,Xã Bảo Ninh,40
20892,Xã Nghĩa Ninh,40
20895,Xã Thuận Đức,40
20898,Xã Đức Ninh,40
20901,Thị trấn Quy Đạt,40
20904,Xã Dân Hóa,40
20907,Xã Trọng Hóa,40
20913,Xã Hồng Hóa,40
20919,Xã Tân Thành,40
20922,Xã Hóa Hợp,40
20925,Xã Xuân Hóa,40
20928,Xã Yên Hóa,40
20931,Xã Minh Hóa,40
20934,Xã Tân Hóa,40
20937,Xã Hóa Sơn,40
20943,Xã Trung Hóa,40
20946,Xã Thượng Hóa,40
20949,Thị trấn Đồng Lê,40
20952,Xã Hương Hóa,40
20955,Xã Kim Hóa,40
20958,Xã Thanh Hóa,40
20961,Xã Thanh Thạch,40
20964,Xã Thuận Hóa,40
20967,Xã Lâm Hóa,40
20970,Xã Lê Hóa,40
20973,Xã Sơn Hóa,40
20976,Xã Đồng Hóa,40
20979,Xã Ngư Hóa,40
20985,Xã Thạch Hóa,40
20988,Xã Đức Hóa,40
20991,Xã Phong Hóa,40
20994,Xã Mai Hóa,40
20997,Xã Tiến Hóa,40
21000,Xã Châu Hóa,40
21003,Xã Cao Quảng,40
21006,Xã Văn Hóa,40
21012,Xã Quảng Hợp,40
21015,Xã Quảng Kim,40
21018,Xã Quảng Đông,40
21021,Xã Quảng Phú,40
21024,Xã Quảng Châu,40
21027,Xã Quảng Thạch,40
21030,Xã Quảng Lưu,40
21033,Xã Quảng Tùng,40
21036,Xã Cảnh Dương,40
21039,Xã Quảng Tiến,40
21042,Xã Quảng Hưng,40
21045,Xã Quảng Xuân,40
21051,Xã Liên Trường,40
21057,Xã Quảng Phương,40
21063,Xã Phù Cảnh,40
21072,Xã Quảng Thanh,40
21111,Thị trấn Hoàn Lão,40
21114,Thị trấn NT Việt Trung,40
21117,Xã Xuân Trạch,40
21123,Xã Hạ Mỹ,40
21126,Xã Bắc Trạch,40
21129,Xã Lâm Trạch,40
21132,Xã Thanh Trạch,40
21135,Xã Liên Trạch,40
21138,Xã Phúc Trạch,40
21141,Xã Cự Nẫm,40
21144,Xã Hải Phú,40
21147,Xã Thượng Trạch,40
21150,Xã Sơn Lộc,40
21156,Xã Hưng Trạch,40
21159,Xã Đồng Trạch,40
21162,Xã Đức Trạch,40
21165,Thị trấn Phong Nha,40
21168,Xã Vạn Trạch,40
21174,Xã Phú Định,40
21177,Xã Trung Trạch,40
21180,Xã Tây Trạch,40
21183,Xã Hòa Trạch,40
21186,Xã Đại Trạch,40
21189,Xã Nhân Trạch,40
21192,Xã Tân Trạch,40
21198,Xã Lý Nam,40
21204,Xã Trường Sơn,40
21207,Thị trấn Quán Hàu,40
21210,Xã Vĩnh Ninh,40
21213,Xã Võ Ninh,40
21216,Xã Hải Ninh,40
21219,Xã Hàm Ninh,40
21222,Xã Duy Ninh,40
21225,Xã Gia Ninh,40
21228,Xã Trường Xuân,40
21231,Xã Hiền Ninh,40
21234,Xã Tân Ninh,40
21237,Xã Xuân Ninh,40
21240,Xã An Ninh,40
21243,Xã Vạn Ninh,40
21246,Thị trấn NT Lệ Ninh,40
21249,Thị trấn Kiến Giang,40
21252,Xã Hồng Thủy,40
21255,Xã Ngư Thủy Bắc,40
21258,Xã Hoa Thủy,40
21261,Xã Thanh Thủy,40
21264,Xã An Thủy,40
21267,Xã Phong Thủy,40
21270,Xã Cam Thủy,40
21273,Xã Ngân Thủy,40
21276,Xã Sơn Thủy,40
21279,Xã Lộc Thủy,40
21285,Xã Liên Thủy,40
21288,Xã Hưng Thủy,40
21291,Xã Dương Thủy,40
21294,Xã Tân Thủy,40
21297,Xã Phú Thủy,40
21300,Xã Xuân Thủy,40
21303,Xã Mỹ Thủy,40
21306,Xã Ngư Thủy ,40
21309,Xã Mai Thủy,40
21312,Xã Sen Thủy,40
21315,Xã Thái Thủy,40
21318,Xã Kim Thủy,40
21321,Xã Trường Thủy,40
21327,Xã Lâm Thủy,40
21009,Phường Ba Đồn,40
21060,Phường Quảng Long,40
21066,Phường Quảng Thọ,40
21069,Xã Quảng Tiên,40
21075,Xã Quảng Trung,40
21078,Phường Quảng Phong,40
21081,Phường Quảng Thuận,40
21084,Xã Quảng Tân,40
21087,Xã Quảng Hải,40
21090,Xã Quảng Sơn,40
21093,Xã Quảng Lộc,40
21096,Xã Quảng Thủy,40
21099,Xã Quảng Văn,40
21102,Phường Quảng Phúc,40
21105,Xã Quảng Hòa,40
21108,Xã Quảng Minh,40
21330,Phường Đông Giang,43
21333,Phường 1,43
21336,Phường Đông Lễ,43
21339,Phường Đông Thanh,43
21342,Phường 2,43
21345,Phường 4,43
21348,Phường 5,43
21351,Phường Đông Lương,43
21354,Phường 3,43
21357,Phường 1,43
21358,Phường An Đôn,43
21360,Phường 2,43
21361,Phường 3,43
21705,Xã Hải Lệ,43
21363,Thị trấn Hồ Xá,43
21366,Thị trấn Bến Quan,43
21369,Xã Vĩnh Thái,43
21372,Xã Vĩnh Tú,43
21375,Xã Vĩnh Chấp,43
21378,Xã Trung Nam,43
21384,Xã Kim Thạch,43
21387,Xã Vĩnh Long,43
21393,Xã Vĩnh Khê,43
21396,Xã Vĩnh Hòa,43
21402,Xã Vĩnh Thủy,43
21405,Xã Vĩnh Lâm,43
21408,Xã Hiền Thành,43
21414,Thị trấn Cửa Tùng,43
21417,Xã Vĩnh Hà,43
21420,Xã Vĩnh Sơn,43
21423,Xã Vĩnh Giang,43
21426,Xã Vĩnh Ô,43
21429,Thị trấn Khe Sanh,43
21432,Thị trấn Lao Bảo,43
21435,Xã Hướng Lập,43
21438,Xã Hướng Việt,43
21441,Xã Hướng Phùng,43
21444,Xã Hướng Sơn,43
21447,Xã Hướng Linh,43
21450,Xã Tân Hợp,43
21453,Xã Hướng Tân,43
21456,Xã Tân Thành,43
21459,Xã Tân Long,43
21462,Xã Tân Lập,43
21465,Xã Tân Liên,43
21468,Xã Húc,43
21471,Xã Thuận,43
21474,Xã Hướng Lộc,43
21477,Xã Ba Tầng,43
21480,Xã Thanh,43
21483,Xã A Dơi,43
21489,Xã Lìa,43
21492,Xã Xy,43
21495,Thị trấn Gio Linh,43
21496,Thị trấn Cửa Việt,43
21498,Xã Trung Giang,43
21501,Xã Trung Hải,43
21504,Xã Trung Sơn,43
21507,Xã Phong Bình,43
21510,Xã Gio Mỹ,43
21519,Xã Gio Hải,43
21522,Xã Gio An,43
21534,Xã Linh Trường,43
21537,Xã Gio Sơn,43
21543,Xã Gio Mai,43
21546,Xã Hải Thái,43
21552,Xã Gio Quang,43
21555,Thị trấn Krông Klang,43
21558,Xã Mò Ó,43
21561,Xã Hướng Hiệp,43
21564,Xã Đa Krông,43
21567,Xã Triệu Nguyên,43
21570,Xã Ba Lòng,43
21576,Xã Ba Nang,43
21579,Xã Tà Long,43
21582,Xã Húc Nghì,43
21585,Xã A Vao,43
21588,Xã Tà Rụt,43
21591,Xã A Bung,43
21594,Xã A Ngo,43
21597,Thị trấn Cam Lộ,43
21600,Xã Cam Tuyền,43
21603,Xã Thanh An,43
21606,Xã Cam Thủy,43
21612,Xã Cam Thành,43
21615,Xã Cam Hiếu,43
21618,Xã Cam Chính,43
21621,Xã Cam Nghĩa,43
21624,Thị Trấn Ái Tử,43
21627,Xã Triệu Tân,43
21633,Xã Triệu Phước,43
21636,Xã Triệu Độ,43
21639,Xã Triệu Trạch,43
21642,Xã Triệu Thuận,43
21645,Xã Triệu Đại,43
21648,Xã Triệu Hòa,43
21654,Xã Triệu Cơ,43
21657,Xã Triệu Long,43
21660,Xã Triệu Tài,43
21666,Xã Triệu Trung,43
21669,Xã Triệu Ái,43
21672,Xã Triệu Thượng,43
21675,Xã Triệu Giang,43
21678,Xã Triệu Thành,43
21681,Thị trấn Diên Sanh,43
21684,Xã Hải An,43
21687,Xã Hải Bình,43
21693,Xã Hải Quy,43
21699,Xã Hải Hưng,43
21702,Xã Hải Phú,43
21708,Xã Hải Thượng,43
21711,Xã Hải Dương,43
21714,Xã Hải Định,43
21717,Xã Hải Lâm,43
21726,Xã Hải Phong,43
21729,Xã Hải Trường,43
21735,Xã Hải Sơn,43
21738,Xã Hải Chánh,43
21741,Xã Hải Khê,43
21777,Phường Vỹ Dạ,27
21780,Phường Phường Đúc,27
21783,Phường Vĩnh Ninh,27
21786,Phường Phú Hội,27
21789,Phường Phú Nhuận,27
21792,Phường Xuân Phú,27
21795,Phường Trường An,27
21798,Phường Phước Vĩnh,27
21801,Phường An Cựu,27
21807,Phường Thuỷ Biều,27
21813,Phường Thuỷ Xuân,27
21815,Phường An Đông,27
21816,Phường An Tây,27
21900,Phường Thuận An,27
21909,Phường Dương Nỗ,27
21930,Phường Phú Thượng,27
21963,Phường Thủy Vân,27
21981,Phường Thủy Bằng,27
22002,Phường Hương Phong,27
21750,Phường Tây Lộc,27
21753,Phường Thuận Lộc,27
21756,Phường Gia Hội,27
21759,Phường Phú Hậu,27
21762,Phường Thuận Hòa,27
21768,Phường Đông Ba,27
21774,Phường Kim Long,27
21803,Phường An Hòa,27
21804,Phường Hương Sơ,27
21810,Phường Hương Long,27
22014,Phường Hương Vinh,27
22023,Phường Hương An,27
22029,Phường Long Hồ,27
21819,Phường Phong Thu,27
21825,Xã Phong Thạnh,27
21828,Phường Phong Phú,27
21831,Xã Phong Bình,27
21837,Xã Phong Chương,27
21843,Phường Phong Hải,27
21846,Phường Phong Hòa,27
21852,Phường Phong Hiền,27
21855,Xã Phong Mỹ,27
21858,Phường Phong An,27
21861,Xã Phong Xuân,27
21864,Xã Phong Sơn,27
21867,Thị trấn Sịa,27
21870,Xã Quảng Thái,27
21873,Xã Quảng Ngạn,27
21876,Xã Quảng Lợi,27
21879,Xã Quảng Công,27
21882,Xã Quảng Phước,27
21885,Xã Quảng Vinh,27
21888,Xã Quảng An,27
21891,Xã Quảng Thành,27
21894,Xã Quảng Thọ,27
21897,Xã Quảng Phú,27
21903,Xã Phú Thuận,27
21912,Xã Phú An,27
21915,Xã Phú Hải,27
21918,Xã Phú Xuân,27
21921,Xã Phú Diên,27
21927,Xã Phú Mỹ,27
21933,Xã Phú Hồ,27
21936,Xã Vinh Xuân,27
21939,Xã Phú Lương,27
21942,Thị trấn Phú Đa,27
21945,Xã Vinh Thanh,27
21948,Xã Vinh An,27
21954,Xã Phú Gia,27
21957,Xã Vinh Hà,27
21960,Phường Phú Bài,27
21966,Xã Thủy Thanh,27
21969,Phường Thủy Dương,27
21972,Phường Thủy Phương,27
21975,Phường Thủy Châu,27
21978,Phường Thủy Lương,27
21984,Xã Thủy Tân,27
21987,Xã Thủy Phù,27
21990,Xã Phú Sơn,27
21993,Xã Dương Hòa,27
21996,Phường Tứ Hạ,27
22005,Xã Hương Toàn,27
22008,Phường Hương Vân,27
22011,Phường Hương Văn,27
22017,Phường Hương Xuân,27
22020,Phường Hương Chữ,27
22026,Xã Hương Bình,27
22035,Xã Bình Tiến,27
22041,Xã Bình Thành,27
22044,Thị trấn A Lưới,27
22047,Xã Hồng Vân,27
22050,Xã Hồng Hạ,27
22053,Xã Hồng Kim,27
22056,Xã Trung Sơn,27
22059,Xã Hương Nguyên,27
22065,Xã Hồng Bắc,27
22068,Xã A Ngo,27
22071,Xã Sơn Thủy,27
22074,Xã Phú Vinh,27
22080,Xã Hương Phong,27
22083,Xã Quảng Nhâm,27
22086,Xã Hồng Thượng,27
22089,Xã Hồng Thái,27
22095,Xã A Roàng,27
22098,Xã Đông Sơn,27
22101,Xã Lâm Đớt,27
22104,Xã Hồng Thủy,27
22107,Thị trấn Phú Lộc,27
22110,Thị trấn Lăng Cô,27
22113,Xã Vinh Mỹ,27
22116,Xã Vinh Hưng,27
22122,Xã Giang Hải,27
22125,Xã Vinh Hiền,27
22128,Xã Lộc Bổn,27
22131,Thị trấn Lộc Sơn,27
22134,Xã Lộc Bình,27
22137,Xã Lộc Vĩnh,27
22140,Xã Lộc An,27
22143,Xã Lộc Điền,27
22146,Xã Lộc Thủy,27
22149,Xã Lộc Trì,27
22152,Xã Lộc Tiến,27
22155,Xã Lộc Hòa,27
22158,Xã Xuân Lộc,27
22161,Thị trấn Khe Tre,27
22164,Xã Hương Phú,27
22167,Xã Hương Sơn,27
22170,Xã Hương Lộc,27
22173,Xã Thượng Quảng,27
22179,Xã Hương Xuân,27
22182,Xã Hương Hữu,27
22185,Xã Thượng Lộ,27
22188,Xã Thượng Long,27
22191,Xã Thượng Nhật,27
22194,Phường Hòa Hiệp Bắc,26
22195,Phường Hòa Hiệp Nam,26
22197,Phường Hòa Khánh Bắc,26
22198,Phường Hòa Khánh Nam,26
22200,Phường Hòa Minh,26
22206,Phường Thanh Khê Tây,26
22207,Phường Thanh Khê Đông,26
22209,Phường Xuân Hà,26
22215,Phường Chính Gián,26
22218,Phường Thạc Gián,26
22224,Phường An Khê,26
22227,Phường Thanh Bình,26
22230,Phường Thuận Phước,26
22233,Phường Thạch Thang,26
22236,Phường Hải Châu,26
22242,Phường Phước Ninh,26
22245,Phường Hòa Thuận Tây,26
22254,Phường Bình Thuận,26
22257,Phường Hòa Cường Bắc,26
22258,Phường Hòa Cường Nam,26
22263,Phường Thọ Quang,26
22266,Phường Nại Hiên Đông,26
22269,Phường Mân Thái,26
22272,Phường An Hải Bắc,26
22275,Phường Phước Mỹ,26
22278,Phường An Hải Nam,26
22284,Phường Mỹ An,26
22285,Phường Khuê Mỹ,26
22287,Phường Hoà Quý,26
22290,Phường Hoà Hải,26
22260,Phường Khuê Trung,26
22305,Phường Hòa Phát,26
22306,Phường Hòa An,26
22311,Phường Hòa Thọ Tây,26
22312,Phường Hòa Thọ Đông,26
22314,Phường Hòa Xuân,26
22293,Xã Hòa Bắc,26
22296,Xã Hòa Liên,26
22299,Xã Hòa Ninh,26
22302,Xã Hòa Sơn,26
22308,Xã Hòa Nhơn,26
22317,Xã Hòa Phú,26
22320,Xã Hòa Phong,26
22323,Xã Hòa Châu,26
22326,Xã Hòa Tiến,26
22329,Xã Hòa Phước,26
22332,Xã Hòa Khương,26
22335,Phường Tân Thạnh,41
22341,Phường An Mỹ,41
22344,Phường Hòa Hương,41
22347,Phường An Xuân,41
22350,Phường An Sơn,41
22353,Phường Trường Xuân,41
22356,Phường An Phú,41
22359,Xã Tam Thanh,41
22362,Xã Tam Thăng,41
22371,Xã Tam Phú,41
22375,Phường Hoà Thuận,41
22389,Xã Tam Ngọc,41
22398,Phường Minh An,41
22401,Phường Tân An,41
22404,Phường Cẩm Phô,41
22407,Phường Thanh Hà,41
22410,Phường Sơn Phong,41
22413,Phường Cẩm Châu,41
22416,Phường Cửa Đại,41
22419,Phường Cẩm An,41
22422,Xã Cẩm Hà,41
22425,Xã Cẩm Kim,41
22428,Phường Cẩm Nam,41
22431,Xã Cẩm Thanh,41
22434,Xã Tân Hiệp,41
22437,Xã Ch'ơm,41
22440,Xã Ga Ri,41
22443,Xã A Xan,41
22446,Xã Tr'Hy,41
22449,Xã Lăng,41
22452,Xã A Nông,41
22455,Xã A Tiêng,41
22458,Xã Bha Lê,41
22461,Xã A Vương,41
22464,Xã Dang,41
22467,Thị trấn P Rao,41
22470,Xã Tà Lu,41
22473,Xã Sông Kôn,41
22476,Xã Jơ Ngây,41
22479,Xã A Ting,41
22482,Xã Tư,41
22485,Xã Ba,41
22488,Xã A Rooi,41
22491,Xã Za Hung,41
22494,Xã Mà Cooi,41
22497,Xã Ka Dăng,41
22500,Thị trấn Ái Nghĩa,41
22503,Xã Đại Sơn,41
22506,Xã Đại Lãnh,41
22509,Xã Đại Hưng,41
22512,Xã Đại Hồng,41
22515,Xã Đại Đồng,41
22518,Xã Đại Quang,41
22521,Xã Đại Nghĩa,41
22524,Xã Đại Hiệp,41
22527,Xã Đại Thạnh,41
22530,Xã Đại Chánh,41
22533,Xã Đại Tân,41
22536,Xã Đại Phong,41
22539,Xã Đại Minh,41
22542,Xã Đại Thắng,41
22545,Xã Đại Cường,41
22547,Xã Đại An,41
22548,Xã Đại Hòa,41
22551,Phường Vĩnh Điện,41
22554,Xã Điện Tiến,41
22557,Xã Điện Hòa,41
22560,Phường Điện Thắng Bắc,41
22561,Phường Điện Thắng Trung,41
22562,Phường Điện Thắng Nam,41
22563,Phường Điện Ngọc,41
22566,Xã Điện Hồng,41
22569,Xã Điện Thọ,41
22572,Xã Điện Phước,41
22575,Phường Điện An,41
22578,Phường Điện Nam Bắc,41
22579,Phường Điện Nam Trung,41
22580,Phường Điện Nam Đông,41
22581,Phường Điện Dương,41
22584,Xã Điện Quang,41
22587,Xã Điện Trung,41
22590,Xã Điện Phong,41
22593,Phường Điện Minh,41
22596,Phường Điện Phương,41
22599,Thị trấn Nam Phước,41
22605,Xã Duy Phú,41
22608,Xã Duy Tân,41
22611,Xã Duy Hòa,41
22614,Xã Duy Châu,41
22617,Xã Duy Trinh,41
22620,Xã Duy Sơn,41
22623,Xã Duy Trung,41
22626,Xã Duy Phước,41
22629,Xã Duy Thành,41
22632,Xã Duy Vinh,41
22635,Xã Duy Nghĩa,41
22638,Xã Duy Hải,41
22641,Thị trấn Đông Phú,41
22644,Xã Quế Xuân 1,41
22647,Xã Quế Xuân 2,41
22650,Xã Quế Phú,41
22651,Thị trấn Hương An,41
22656,Thị trấn Trung Phước,41
22659,Xã Quế Hiệp,41
22662,Xã Quế Thuận,41
22665,Xã Quế Mỹ,41
22668,Xã Ninh Phước,41
22669,Xã Phước Ninh,41
22671,Xã Quế Lộc,41
22677,Xã Quế Long,41
22680,Xã Quế Châu,41
22683,Xã Quế Phong,41
22686,Xã Quế An,41
22689,Xã Quế Minh,41
22692,Xã Quế Lâm,41
22695,Thị trấn Thạnh Mỹ,41
22698,Xã Laêê,41
22699,Xã Chơ Chun,41
22701,Xã Zuôich,41
22702,Xã Tà Pơơ,41
22704,Xã La Dêê,41
22705,Xã Đắc Tôi,41
22707,Xã Chà Vàl,41
22710,Xã Tà Bhinh,41
22713,Xã Cà Dy,41
22716,Xã Đắc Pre,41
22719,Xã Đắc Pring,41
22722,Thị trấn Khâm Đức,41
22725,Xã Phước Xuân,41
22728,Xã Phước Hiệp,41
22729,Xã Phước Hoà,41
22731,Xã Phước Đức,41
22734,Xã Phước Năng,41
22737,Xã Phước Mỹ,41
22740,Xã Phước Chánh,41
22743,Xã Phước Công,41
22746,Xã Phước Kim,41
22749,Xã Phước Lộc,41
22752,Xã Phước Thành,41
22758,Xã Quế Tân,41
22764,Xã Quế Thọ,41
22767,Xã Bình Lâm,41
22770,Xã Sông Trà,41
22773,Xã Phước Trà,41
22776,Xã Phước Gia,41
22779,Thị trấn Tân Bình,41
22782,Xã Quế Lưu,41
22785,Xã Thăng Phước,41
22788,Xã Bình Sơn,41
22791,Thị trấn Hà Lam,41
22794,Xã Bình Dương,41
22797,Xã Bình Giang,41
22800,Xã Bình Nguyên,41
22803,Xã Bình Phục,41
22806,Xã Bình Triều,41
22809,Xã Bình Đào,41
22812,Xã Bình Minh,41
22815,Xã Bình Lãnh,41
22818,Xã Bình Trị,41
22821,Xã Bình Định,41
22824,Xã Bình Quý,41
22827,Xã Bình Phú,41
22833,Xã Bình Tú,41
22836,Xã Bình Sa,41
22839,Xã Bình Hải,41
22842,Xã Bình Quế,41
22845,Xã Bình An,41
22848,Xã Bình Trung,41
22851,Xã Bình Nam,41
22854,Thị trấn Tiên Kỳ,41
22857,Xã Tiên Sơn,41
22860,Xã Tiên Hà,41
22866,Xã Tiên Châu,41
22869,Xã Tiên Lãnh,41
22872,Xã Tiên Ngọc,41
22875,Xã Tiên Hiệp,41
22878,Xã Tiên Cảnh,41
22881,Xã Tiên Mỹ,41
22884,Xã Tiên Phong,41
22887,Xã Tiên Thọ,41
22890,Xã Tiên An,41
22893,Xã Tiên Lộc,41
22896,Xã Tiên Lập,41
22899,Thị trấn Trà My,41
22900,Xã Trà Sơn,41
22902,Xã Trà Kót,41
22905,Xã Trà Nú,41
22908,Xã Trà Đông,41
22911,Xã Trà Dương,41
22914,Xã Trà Giang,41
22917,Xã Trà Bui,41
22920,Xã Trà Đốc,41
22923,Xã Trà Tân,41
22926,Xã Trà Giác,41
22929,Xã Trà Giáp,41
22932,Xã Trà Ka,41
22935,Xã Trà Leng,41
22938,Xã Trà Dơn,41
22941,Xã Trà Tập,41
22944,Xã Trà Mai,41
22947,Xã Trà Cang,41
22950,Xã Trà Linh,41
22953,Xã Trà Nam,41
22956,Xã Trà Don,41
22959,Xã Trà Vân,41
22962,Xã Trà Vinh,41
22965,Thị trấn Núi Thành,41
22968,Xã Tam Xuân I,41
22971,Xã Tam Xuân II,41
22974,Xã Tam Tiến,41
22977,Xã Tam Sơn,41
22980,Xã Tam Thạnh,41
22983,Xã Tam Anh Bắc,41
22984,Xã Tam Anh Nam,41
22986,Xã Tam Hòa,41
22989,Xã Tam Hiệp,41
22992,Xã Tam Hải,41
22995,Xã Tam Giang,41
22998,Xã Tam Quang,41
23001,Xã Tam Nghĩa,41
23004,Xã Tam Mỹ Tây,41
23005,Xã Tam Mỹ Đông,41
23007,Xã Tam Trà,41
22364,Thị trấn Phú Thịnh,41
22365,Xã Tam Thành,41
22368,Xã Tam An,41
22374,Xã Tam Đàn,41
22377,Xã Tam Lộc,41
22380,Xã Tam Phước,41
22386,Xã Tam Thái,41
22387,Xã Tam Đại,41
22392,Xã Tam Dân,41
22395,Xã Tam Lãnh,41
23010,Phường Lê Hồng Phong,42
23013,Phường Trần Phú,42
23016,Phường Quảng Phú,42
23019,Phường Nghĩa Chánh,42
23022,Phường Trần Hưng Đạo,42
23025,Phường Nguyễn Nghiêm,42
23028,Phường Nghĩa Lộ,42
23031,Phường Chánh Lộ,42
23034,Xã Nghĩa Dũng,42
23037,Xã Nghĩa Dõng,42
23172,Phường Trương Quang Trọng,42
23187,Xã Tịnh Hòa,42
23190,Xã Tịnh Kỳ,42
23199,Xã Tịnh Thiện,42
23202,Xã Tịnh Ấn Đông,42
23208,Xã Tịnh Châu,42
23211,Xã Tịnh Khê,42
23214,Xã Tịnh Long,42
23223,Xã Tịnh Ấn Tây,42
23232,Xã Tịnh An,42
23256,Xã Nghĩa Hà,42
23262,Xã An Phú,42
23040,Thị trấn Châu Ổ,42
23043,Xã Bình Thuận,42
23046,Xã Bình Thạnh,42
23049,Xã Bình Đông,42
23052,Xã Bình Chánh,42
23055,Xã Bình Nguyên,42
23058,Xã Bình Khương,42
23061,Xã Bình Trị,42
23064,Xã Bình An,42
23067,Xã Bình Hải,42
23070,Xã Bình Dương,42
23073,Xã Bình Phước,42
23079,Xã Bình Hòa,42
23082,Xã Bình Trung,42
23085,Xã Bình Minh,42
23088,Xã Bình Long,42
23091,Xã Bình Thanh ,42
23100,Xã Bình Chương,42
23103,Xã Bình Hiệp,42
23106,Xã Bình Mỹ,42
23109,Xã Bình Tân Phú,42
23112,Xã Bình Châu,42
23115,Thị trấn Trà Xuân,42
23118,Xã Trà Giang,42
23121,Xã Trà Thủy,42
23124,Xã Trà Hiệp,42
23127,Xã Trà Bình,42
23130,Xã Trà Phú,42
23133,Xã Trà Lâm,42
23136,Xã Trà Tân,42
23139,Xã Trà Sơn,42
23142,Xã Trà Bùi,42
23145,Xã Trà Thanh,42
23148,Xã Sơn Trà,42
23154,Xã Trà Phong,42
23157,Xã Hương Trà,42
23163,Xã Trà Xinh,42
23166,Xã Trà Tây,42
23175,Xã Tịnh Thọ,42
23178,Xã Tịnh Trà,42
23181,Xã Tịnh Phong,42
23184,Xã Tịnh Hiệp,42
23193,Xã Tịnh Bình,42
23196,Xã Tịnh Đông,42
23205,Xã Tịnh Bắc,42
23217,Xã Tịnh Sơn,42
23220,Thị trấn Tịnh Hà,42
23226,Xã Tịnh Giang,42
23229,Xã Tịnh Minh,42
23235,Thị trấn La Hà,42
23238,Thị trấn Sông Vệ,42
23241,Xã Nghĩa Lâm,42
23244,Xã Nghĩa Thắng,42
23247,Xã Nghĩa Thuận,42
23250,Xã Nghĩa Kỳ,42
23259,Xã Nghĩa Sơn,42
23268,Xã Nghĩa Hòa,42
23271,Xã Nghĩa Điền,42
23274,Xã Nghĩa Thương,42
23277,Xã Nghĩa Trung,42
23280,Xã Nghĩa Hiệp,42
23283,Xã Nghĩa Phương,42
23289,Thị trấn Di Lăng,42
23292,Xã Sơn Hạ,42
23295,Xã Sơn Thành,42
23298,Xã Sơn Nham,42
23301,Xã Sơn Bao,42
23304,Xã Sơn Linh,42
23307,Xã Sơn Giang,42
23310,Xã Sơn Trung,42
23313,Xã Sơn Thượng,42
23316,Xã Sơn Cao,42
23319,Xã Sơn Hải,42
23322,Xã Sơn Thủy,42
23325,Xã Sơn Kỳ,42
23328,Xã Sơn Ba,42
23331,Xã Sơn Bua,42
23334,Xã Sơn Mùa,42
23335,Xã Sơn Liên,42
23337,Xã Sơn Tân,42
23338,Xã Sơn Màu,42
23340,Xã Sơn Dung,42
23341,Xã Sơn Long,42
23343,Xã Sơn Tinh,42
23346,Xã Sơn Lập,42
23349,Xã Long Sơn,42
23352,Xã Long Mai,42
23355,Xã Thanh An,42
23358,Xã Long Môn,42
23361,Xã Long Hiệp,42
23364,Thị trấn Chợ Chùa,42
23367,Xã Hành Thuận,42
23370,Xã Hành Dũng,42
23373,Xã Hành Trung,42
23376,Xã Hành Nhân,42
23379,Xã Hành Đức,42
23382,Xã Hành Minh,42
23385,Xã Hành Phước,42
23388,Xã Hành Thiện,42
23391,Xã Hành Thịnh,42
23394,Xã Hành Tín Tây,42
23397,Xã Hành Tín Đông,42
23400,Thị trấn Mộ Đức,42
23406,Xã Thắng Lợi,42
23409,Xã Đức Nhuận,42
23412,Xã Đức Chánh,42
23415,Xã Đức Hiệp,42
23418,Xã Đức Minh,42
23421,Xã Đức Thạnh,42
23424,Xã Đức Hòa,42
23427,Xã Đức Tân,42
23430,Xã Đức Phú,42
23433,Xã Đức Phong,42
23436,Xã Đức Lân,42
23439,Phường Nguyễn Nghiêm,42
23442,Xã Phổ An,42
23445,Xã Phổ Phong,42
23448,Xã Phổ Thuận,42
23451,Phường Phổ Văn,42
23454,Phường Phổ Quang,42
23457,Xã Phổ Nhơn,42
23460,Phường Phổ Ninh,42
23463,Phường Phổ Minh,42
23466,Phường Phổ Vinh,42
23469,Phường Phổ Hòa,42
23472,Xã Phổ Cường,42
23475,Xã Phổ Khánh,42
23478,Phường Phổ Thạnh,42
23481,Xã Phổ Châu,42
23484,Thị trấn Ba Tơ,42
23487,Xã Ba Điền,42
23490,Xã Ba Vinh,42
23493,Xã Ba Thành,42
23496,Xã Ba Động,42
23499,Xã Ba Dinh,42
23500,Xã Ba Giang,42
23502,Xã Ba Liên,42
23505,Xã Ba Ngạc,42
23508,Xã Ba Khâm,42
23511,Xã Ba Cung,42
23517,Xã Ba Tiêu,42
23520,Xã Ba Trang,42
23523,Xã Ba Tô,42
23526,Xã Ba Bích,42
23529,Xã Ba Vì,42
23532,Xã Ba Lế,42
23535,Xã Ba Nam,42
23538,Xã Ba Xa,42
23550,Phường Nhơn Bình,30
23553,Phường Nhơn Phú,30
23556,Phường Đống Đa,30
23559,Phường Trần Quang Diệu,30
23562,Phường Hải Cảng,30
23565,Phường Quang Trung,30
23577,Phường Ngô Mây,30
23580,Phường Trần Phú,30
23583,Phường Thị Nại,30
23589,Phường Bùi Thị Xuân,30
23592,Phường Nguyễn Văn Cừ,30
23595,Phường Ghềnh Ráng,30
23598,Xã Nhơn Lý,30
23601,Xã Nhơn Hội,30
23604,Xã Nhơn Hải,30
23607,Xã Nhơn Châu,30
23991,Xã Phước Mỹ,30
23609,Thị trấn An Lão,30
23610,Xã An Hưng,30
23613,Xã An Trung,30
23616,Xã An Dũng,30
23619,Xã An Vinh,30
23622,Xã An Toàn,30
23625,Xã An Tân,30
23628,Xã An Hòa,30
23631,Xã An Quang,30
23634,Xã An Nghĩa,30
23637,Phường Tam Quan,30
23640,Phường Bồng Sơn,30
23643,Xã Hoài Sơn,30
23646,Xã Hoài Châu Bắc,30
23649,Xã Hoài Châu,30
23652,Xã Hoài Phú,30
23655,Phường Tam Quan Bắc,30
23658,Phường Tam Quan Nam,30
23661,Phường Hoài Hảo,30
23664,Phường Hoài Thanh Tây,30
23667,Phường Hoài Thanh,30
23670,Phường Hoài Hương,30
23673,Phường Hoài Tân,30
23676,Xã Hoài Hải,30
23679,Phường Hoài Xuân,30
23682,Xã Hoài Mỹ,30
23685,Phường Hoài Đức,30
23688,Thị trấn Tăng Bạt Hổ,30
23690,Xã Ân Hảo Tây,30
23691,Xã Ân Hảo Đông,30
23694,Xã Ân Sơn,30
23697,Xã Ân Mỹ,30
23700,Xã Đak Mang,30
23703,Xã Ân Tín,30
23706,Xã Ân Thạnh,30
23709,Xã Ân Phong,30
23712,Xã Ân Đức,30
23715,Xã Ân Hữu,30
23718,Xã Bok Tới,30
23721,Xã Ân Tường Tây,30
23724,Xã Ân Tường Đông,30
23727,Xã Ân Nghĩa,30
23730,Thị trấn Phù Mỹ,30
23733,Thị trấn Bình Dương,30
23736,Xã Mỹ Đức,30
23739,Xã Mỹ Châu,30
23742,Xã Mỹ Thắng,30
23745,Xã Mỹ Lộc,30
23748,Xã Mỹ Lợi,30
23751,Xã Mỹ An,30
23754,Xã Mỹ Phong,30
23757,Xã Mỹ Trinh,30
23760,Xã Mỹ Thọ,30
23763,Xã Mỹ Hòa,30
23766,Xã Mỹ Thành,30
23769,Xã Mỹ Chánh,30
23772,Xã Mỹ Quang,30
23775,Xã Mỹ Hiệp,30
23778,Xã Mỹ Tài,30
23781,Xã Mỹ Cát,30
23784,Xã Mỹ Chánh Tây,30
23786,Thị trấn Vĩnh Thạnh,30
23787,Xã Vĩnh Sơn,30
23790,Xã Vĩnh Kim,30
23796,Xã Vĩnh Hiệp,30
23799,Xã Vĩnh Hảo,30
23801,Xã Vĩnh Hòa,30
23802,Xã Vĩnh Thịnh,30
23804,Xã Vĩnh Thuận,30
23805,Xã Vĩnh Quang,30
23808,Thị trấn Phú Phong,30
23811,Xã Bình Tân,30
23814,Xã Tây Thuận,30
23817,Xã Bình Thuận,30
23820,Xã Tây Giang,30
23823,Xã Bình Thành,30
23826,Xã Tây An,30
23829,Xã Bình Hòa,30
23832,Xã Tây Bình,30
23835,Xã Bình Tường,30
23838,Xã Tây Vinh,30
23841,Xã Vĩnh An,30
23844,Xã Tây Xuân,30
23847,Xã Bình Nghi,30
23850,Xã Tây Phú,30
23853,Thị trấn Ngô Mây,30
23856,Xã Cát Sơn,30
23859,Xã Cát Minh,30
23862,Thị trấn Cát Khánh,30
23865,Xã Cát Tài,30
23868,Xã Cát Lâm,30
23871,Xã Cát Hanh,30
23874,Xã Cát Thành,30
23877,Xã Cát Trinh,30
23880,Xã Cát Hải,30
23883,Xã Cát Hiệp,30
23886,Xã Cát Nhơn,30
23889,Xã Cát Hưng,30
23892,Xã Cát Tường,30
23895,Xã Cát Tân,30
23898,Thị trấn Cát Tiến,30
23901,Xã Cát Thắng,30
23904,Xã Cát Chánh,30
23907,Phường Bình Định,30
23910,Phường Đập Đá,30
23913,Xã Nhơn Mỹ,30
23916,Phường Nhơn Thành,30
23919,Xã Nhơn Hạnh,30
23922,Xã Nhơn Hậu,30
23925,Xã Nhơn Phong,30
23928,Xã Nhơn An,30
23931,Xã Nhơn Phúc,30
23934,Phường Nhơn Hưng,30
23937,Xã Nhơn Khánh,30
23940,Xã Nhơn Lộc,30
23943,Phường Nhơn Hoà,30
23946,Xã Nhơn Tân,30
23949,Xã Nhơn Thọ,30
23952,Thị trấn Tuy Phước,30
23955,Thị trấn Diêu Trì,30
23958,Xã Phước Thắng,30
23961,Xã Phước Hưng,30
23964,Xã Phước Quang,30
23967,Xã Phước Hòa,30
23970,Xã Phước Sơn,30
23973,Xã Phước Hiệp,30
23976,Xã Phước Lộc,30
23979,Xã Phước Nghĩa,30
23982,Xã Phước Thuận,30
23985,Xã Phước An,30
23988,Xã Phước Thành,30
23994,Thị trấn Vân Canh,30
23997,Xã Canh Liên,30
24000,Xã Canh Hiệp,30
24003,Xã Canh Vinh,30
24006,Xã Canh Hiển,30
24009,Xã Canh Thuận,30
24012,Xã Canh Hòa,30
24015,Phường 1,39
24018,Phường 2,39
24024,Phường 9,39
24030,Phường 4,39
24033,Phường 5,39
24036,Phường 7,39
24040,Phường Phú Thạnh,39
24041,Phường Phú Đông,39
24042,Xã Hòa Kiến,39
24045,Xã Bình Kiến,39
24162,Xã An Phú,39
24240,Phường Phú Lâm,39
24051,Phường Xuân Phú,39
24052,Xã Xuân Lâm,39
24053,Phường Xuân Thành,39
24054,Xã Xuân Hải,39
24057,Xã Xuân Lộc,39
24060,Xã Xuân Bình,39
24066,Xã Xuân Cảnh,39
24069,Xã Xuân Thịnh,39
24072,Xã Xuân Phương,39
24073,Phường Xuân Yên,39
24075,Xã Xuân Thọ 1,39
24076,Phường Xuân Đài,39
24078,Xã Xuân Thọ 2,39
24081,Thị trấn La Hai,39
24084,Xã Đa Lộc,39
24087,Xã Phú Mỡ,39
24090,Xã Xuân Lãnh,39
24093,Xã Xuân Long,39
24096,Xã Xuân Quang 1,39
24099,Xã Xuân Sơn Bắc,39
24102,Xã Xuân Quang 2,39
24105,Xã Xuân Sơn Nam,39
24108,Xã Xuân Quang 3,39
24111,Xã Xuân Phước,39
24114,Thị trấn Chí Thạnh,39
24117,Xã An Dân,39
24120,Xã An Ninh Tây,39
24123,Xã An Ninh Đông,39
24126,Xã An Thạch,39
24129,Xã An Định,39
24132,Xã An Nghiệp,39
24138,Xã An Cư,39
24141,Xã An Xuân,39
24144,Xã An Lĩnh,39
24147,Xã An Hòa Hải,39
24150,Xã An Hiệp,39
24153,Xã An Mỹ,39
24156,Xã An Chấn,39
24159,Xã An Thọ,39
24165,Thị trấn Củng Sơn,39
24168,Xã Phước Tân,39
24171,Xã Sơn Hội,39
24174,Xã Sơn Định,39
24177,Xã Sơn Long,39
24180,Xã Cà Lúi,39
24183,Xã Sơn Phước,39
24186,Xã Sơn Xuân,39
24189,Xã Sơn Nguyên,39
24192,Xã Eachà Rang,39
24195,Xã Krông Pa,39
24198,Xã Suối Bạc,39
24201,Xã Sơn Hà,39
24204,Xã Suối Trai,39
24207,Thị trấn Hai Riêng,39
24210,Xã Ea Lâm,39
24213,Xã Đức Bình Tây,39
24216,Xã Ea Bá,39
24219,Xã Sơn Giang,39
24222,Xã Đức Bình Đông,39
24225,Xã EaBar,39
24228,Xã EaBia,39
24231,Xã EaTrol,39
24234,Xã Sông Hinh,39
24237,Xã Ealy,39
24249,Xã Sơn Thành Tây,39
24250,Xã Sơn Thành Đông,39
24252,Xã Hòa Bình 1,39
24255,Thị trấn Phú Thứ,39
24264,Xã Hòa Phong,39
24270,Xã Hòa Phú,39
24273,Xã Hòa Tân Tây,39
24276,Xã Hòa Đồng,39
24285,Xã Hòa Mỹ Đông,39
24288,Xã Hòa Mỹ Tây,39
24294,Xã Hòa Thịnh,39
24303,Xã Hòa Quang Bắc,39
24306,Xã Hòa Quang Nam,39
24309,Xã Hòa Hội,39
24312,Xã Hòa Trị,39
24315,Xã Hòa An,39
24318,Xã Hòa Định Đông,39
24319,Thị Trấn Phú Hoà,39
24321,Xã Hòa Định Tây,39
24324,Xã Hòa Thắng,39
24243,Xã Hòa Thành,39
24246,Phường Hòa Hiệp Bắc,39
24258,Phường Hoà Vinh,39
24261,Phường Hoà Hiệp Trung,39
24267,Xã Hòa Tân Đông,39
24279,Phường Hòa Xuân Tây,39
24282,Phường Hòa Hiệp Nam,39
24291,Xã Hòa Xuân Đông,39
24297,Xã Hòa Tâm,39
24300,Xã Hòa Xuân Nam,39
24327,Phường Vĩnh Hòa,28
24330,Phường Vĩnh Hải,28
24333,Phường Vĩnh Phước,28
24336,Phường Ngọc Hiệp,28
24339,Phường Vĩnh Thọ,28
24348,Phường Vạn Thạnh,28
24351,Phường Phương Sài,28
24357,Phường Phước Hải,28
24363,Phường Lộc Thọ,28
24366,Phường Tân Tiến,28
24372,Phường Phước Hòa,28
24375,Phường Vĩnh Nguyên,28
24378,Phường Phước Long,28
24381,Phường Vĩnh Trường,28
24384,Xã Vĩnh Lương,28
24387,Xã Vĩnh Phương,28
24390,Xã Vĩnh Ngọc,28
24393,Xã Vĩnh Thạnh,28
24396,Xã Vĩnh Trung,28
24399,Xã Vĩnh Hiệp,28
24402,Xã Vĩnh Thái,28
24405,Xã Phước Đồng,28
24408,Phường Cam Nghĩa,28
24411,Phường Cam Phúc Bắc,28
24414,Phường Cam Phúc Nam,28
24417,Phường Cam Lộc,28
24420,Phường Cam Phú,28
24423,Phường Ba Ngòi,28
24426,Phường Cam Thuận,28
24429,Phường Cam Lợi,28
24432,Phường Cam Linh,28
24468,Xã Cam Thành Nam,28
24474,Xã Cam Phước Đông,28
24477,Xã Cam Thịnh Tây,28
24480,Xã Cam Thịnh Đông,28
24483,Xã Cam Lập,28
24486,Xã Cam Bình,28
24435,Xã Cam Tân,28
24438,Xã Cam Hòa,28
24441,Xã Cam Hải Đông,28
24444,Xã Cam Hải Tây,28
24447,Xã Sơn Tân,28
24450,Xã Cam Hiệp Bắc,28
24453,Thị trấn Cam Đức,28
24456,Xã Cam Hiệp Nam,28
24459,Xã Cam Phước Tây,28
24462,Xã Cam Thành Bắc,28
24465,Xã Cam An Bắc,28
24471,Xã Cam An Nam,28
24708,Xã Suối Cát,28
24711,Xã Suối Tân,28
24489,Thị trấn Vạn Giã,28
24492,Xã Đại Lãnh,28
24495,Xã Vạn Phước,28
24498,Xã Vạn Long,28
24501,Xã Vạn Bình,28
24504,Xã Vạn Thọ,28
24507,Xã Vạn Khánh,28
24510,Xã Vạn Phú,28
24513,Xã Vạn Lương,28
24516,Xã Vạn Thắng,28
24519,Xã Vạn Thạnh,28
24522,Xã Xuân Sơn,28
24525,Xã Vạn Hưng,28
24528,Phường Ninh Hiệp,28
24531,Xã Ninh Sơn,28
24534,Xã Ninh Tây,28
24537,Xã Ninh Thượng,28
24540,Xã Ninh An,28
24543,Phường Ninh Hải,28
24546,Xã Ninh Thọ,28
24549,Xã Ninh Trung,28
24552,Xã Ninh Sim,28
24555,Xã Ninh Xuân,28
24558,Xã Ninh Thân,28
24561,Phường Ninh Diêm,28
24564,Xã Ninh Đông,28
24567,Phường Ninh Thủy,28
24570,Phường Ninh Đa,28
24573,Xã Ninh Phụng,28
24576,Xã Ninh Bình,28
24582,Xã Ninh Phú,28
24585,Xã Ninh Tân,28
24588,Xã Ninh Quang,28
24591,Phường Ninh Giang,28
24594,Phường Ninh Hà,28
24597,Xã Ninh Hưng,28
24600,Xã Ninh Lộc,28
24603,Xã Ninh Ích,28
24606,Xã Ninh Phước,28
24609,Thị trấn Khánh Vĩnh,28
24612,Xã Khánh Hiệp,28
24615,Xã Khánh Bình,28
24618,Xã Khánh Trung,28
24621,Xã Khánh Đông,28
24624,Xã Khánh Thượng,28
24627,Xã Khánh Nam,28
24630,Xã Sông Cầu,28
24633,Xã Giang Ly,28
24636,Xã Cầu Bà,28
24639,Xã Liên Sang,28
24642,Xã Khánh Thành,28
24645,Xã Khánh Phú,28
24648,Xã Sơn Thái,28
24651,Thị trấn Diên Khánh,28
24654,Xã Diên Lâm,28
24657,Xã Diên Điền,28
24660,Xã Xuân Đồng,28
24663,Xã Diên Sơn,28
24669,Xã Diên Phú,28
24672,Xã Diên Thọ,28
24675,Xã Diên Phước,28
24678,Xã Diên Lạc,28
24681,Xã Diên Tân,28
24684,Xã Diên Hòa,28
24687,Xã Diên Thạnh,28
24690,Xã Diên Toàn,28
24693,Xã Diên An,28
24696,Xã Bình Lộc,28
24702,Xã Suối Hiệp,28
24705,Xã Suối Tiên,28
24714,Thị trấn Tô Hạp,28
24717,Xã Thành Sơn,28
24720,Xã Sơn Lâm,28
24723,Xã Sơn Hiệp,28
24726,Xã Sơn Bình,28
24729,Xã Sơn Trung,28
24732,Xã Ba Cụm Bắc,28
24735,Xã Ba Cụm Nam,28
24736,Thị trấn Trường Sa,28
24737,Xã Song Tử Tây,28
24739,Xã Sinh Tồn,28
24738,Phường Đô Vinh,38
24741,Phường Phước Mỹ,38
24744,Phường Bảo An,38
24750,Phường Phủ Hà,38
24759,Phường Kinh Dinh,38
24762,Phường Đạo Long,38
24765,Phường Đài Sơn,38
24768,Phường Đông Hải,38
24771,Phường Mỹ Đông,38
24774,Xã Thành Hải,38
24777,Phường Văn Hải,38
24779,Phường Mỹ Bình,38
24780,Phường Mỹ Hải,38
24783,Xã Phước Bình,38
24786,Xã Phước Hòa,38
24789,Xã Phước Tân,38
24792,Xã Phước Tiến,38
24795,Xã Phước Thắng,38
24798,Xã Phước Thành,38
24801,Xã Phước Đại,38
24804,Xã Phước Chính,38
24807,Xã Phước Trung,38
24810,Thị trấn Tân Sơn,38
24813,Xã Lâm Sơn,38
24816,Xã Lương Sơn,38
24819,Xã Quảng Sơn,38
24822,Xã Mỹ Sơn,38
24825,Xã Hòa Sơn,38
24828,Xã Ma Nới,38
24831,Xã Nhơn Sơn,38
24834,Thị trấn Khánh Hải,38
24846,Xã Vĩnh Hải,38
24852,Xã Phương Hải,38
24855,Xã Tân Hải,38
24858,Xã Xuân Hải,38
24861,Xã Hộ Hải,38
24864,Xã Tri Hải,38
24867,Xã Nhơn Hải,38
24868,Xã Thanh Hải,38
24870,Thị trấn Phước Dân,38
24873,Xã Phước Sơn,38
24876,Xã Phước Thái,38
24879,Xã Phước Hậu,38
24882,Xã Phước Thuận,38
24888,Xã An Hải,38
24891,Xã Phước Hữu,38
24894,Xã Phước Hải,38
24912,Xã Phước Vinh,38
24837,Xã Phước Chiến,38
24840,Xã Công Hải,38
24843,Xã Phước Kháng,38
24849,Xã Lợi Hải,38
24853,Xã Bắc Sơn,38
24856,Xã Bắc Phong,38
24885,Xã Phước Hà,38
24897,Xã Phước Nam,38
24898,Xã Phước Ninh,38
24900,Xã Nhị Hà,38
24903,Xã Phước Dinh,38
24906,Xã Phước Minh,38
24909,Xã Phước Diêm,38
24910,Xã Cà Ná,38
24915,Phường Mũi Né,31
24918,Phường Hàm Tiến,31
24921,Phường Phú Hài,31
24924,Phường Phú Thủy,31
24927,Phường Phú Tài,31
24930,Phường Phú Trinh,31
24933,Phường Xuân An,31
24936,Phường Thanh Hải,31
24945,Phường Lạc Đạo,31
24951,Phường Bình Hưng,31
24954,Phường Đức Long,31
24957,Xã Thiện Nghiệp,31
24960,Xã Phong Nẫm,31
24963,Xã Tiến Lợi,31
24966,Xã Tiến Thành,31
25231,Phường Phước Hội,31
25232,Phường Phước Lộc,31
25234,Phường Tân Thiện,31
25235,Phường Tân An,31
25237,Phường Bình Tân,31
25245,Xã Tân Hải,31
25246,Xã Tân Tiến,31
25248,Xã Tân Bình,31
25268,Xã Tân Phước,31
24969,Thị trấn Liên Hương,31
24972,Thị trấn Phan Rí Cửa,31
24975,Xã Phan Dũng,31
24978,Xã Phong Phú,31
24981,Xã Vĩnh Hảo,31
24984,Xã Vĩnh Tân,31
24987,Xã Phú Lạc,31
24990,Xã Phước Thể,31
24993,Xã Hòa Minh,31
24996,Xã Chí Công,31
24999,Xã Bình Thạnh,31
25005,Thị trấn Chợ Lầu,31
25008,Xã Phan Sơn,31
25011,Xã Phan Lâm,31
25014,Xã Bình An,31
25017,Xã Phan Điền,31
25020,Xã Hải Ninh,31
25023,Xã Sông Lũy,31
25026,Xã Phan Tiến,31
25029,Xã Sông Bình,31
25032,Thị trấn Lương Sơn,31
25035,Xã Phan Hòa,31
25038,Xã Phan Thanh,31
25041,Xã Hồng Thái,31
25044,Xã Phan Hiệp,31
25047,Xã Bình Tân,31
25050,Xã Phan Rí Thành,31
25053,Xã Hòa Thắng,31
25056,Xã Hồng Phong,31
25059,Thị trấn Ma Lâm,31
25062,Thị trấn Phú Long,31
25065,Xã La Dạ,31
25068,Xã Đông Tiến,31
25071,Xã Thuận Hòa,31
25074,Xã Đông Giang,31
25077,Xã Hàm Phú,31
25080,Xã Hồng Liêm,31
25083,Xã Thuận Minh,31
25086,Xã Hồng Sơn,31
25089,Xã Hàm Trí,31
25092,Xã Hàm Đức,31
25095,Xã Hàm Liêm,31
25098,Xã Hàm Chính,31
25101,Xã Hàm Hiệp,31
25104,Xã Hàm Thắng,31
25107,Xã Đa Mi,31
25110,Thị trấn Thuận Nam,31
25113,Xã Mỹ Thạnh,31
25116,Xã Hàm Cần,31
25119,Xã Mương Mán,31
25122,Xã Hàm Thạnh,31
25125,Xã Hàm Kiệm,31
25128,Xã Hàm Cường,31
25131,Xã Hàm Mỹ,31
25134,Xã Tân Lập,31
25137,Xã Hàm Minh,31
25140,Xã Thuận Quí,31
25143,Xã Tân Thuận,31
25146,Xã Tân Thành,31
25149,Thị trấn Lạc Tánh,31
25152,Xã Bắc Ruộng,31
25158,Xã Nghị Đức,31
25161,Xã La Ngâu,31
25164,Xã Huy Khiêm,31
25167,Xã Măng Tố,31
25170,Xã Đức Phú,31
25173,Xã Đồng Kho,31
25176,Xã Gia An,31
25179,Xã Đức Bình,31
25182,Xã Gia Huynh,31
25185,Xã Đức Thuận,31
25188,Xã Suối Kiết,31
25191,Thị trấn Võ Xu,31
25194,Thị trấn Đức Tài,31
25197,Xã Đa Kai,31
25200,Xã Sùng Nhơn,31
25203,Xã Mê Pu,31
25206,Xã Nam Chính,31
25212,Xã Đức Hạnh,31
25215,Xã Đức Tín,31
25218,Xã Vũ Hoà,31
25221,Xã Tân Hà,31
25224,Xã Đông Hà,31
25227,Xã Trà Tân,31
25230,Thị trấn Tân Minh,31
25236,Thị trấn Tân Nghĩa,31
25239,Xã Sông Phan,31
25242,Xã Tân Phúc,31
25251,Xã Tân Đức,31
25254,Xã Tân Thắng,31
25255,Xã Thắng Hải,31
25257,Xã Tân Hà,31
25260,Xã Tân Xuân,31
25266,Xã Sơn Mỹ,31
25272,Xã Ngũ Phụng,31
25275,Xã Long Hải,31
25278,Xã Tam Thanh,31
25281,Phường Quang Trung,36
25284,Phường Duy Tân,36
25287,Phường Quyết Thắng,36
25290,Phường Trường Chinh,36
25293,Phường Thắng Lợi,36
25296,Phường Ngô Mây,36
25299,Phường Thống Nhất,36
25302,Phường Lê Lợi,36
25305,Phường Nguyễn Trãi,36
25308,Phường Trần Hưng Đạo,36
25311,Xã Đắk Cấm,36
25314,Xã Kroong,36
25317,Xã Ngọk Bay,36
25320,Xã Vinh Quang,36
25323,Xã Đắk Blà,36
25326,Xã Ia Chim,36
25327,Xã Đăk Năng,36
25329,Xã Đoàn Kết,36
25332,Xã Chư Hreng,36
25335,Xã Đắk Rơ Wa,36
25338,Xã Hòa Bình,36
25341,Thị trấn Đắk Glei,36
25344,Xã Đắk Blô,36
25347,Xã Đắk Man,36
25350,Xã Đắk Nhoong,36
25353,Xã Đắk Pék,36
25356,Xã Đắk Choong,36
25359,Xã Xốp,36
25362,Xã Mường Hoong,36
25365,Xã Ngọc Linh,36
25368,Xã Đắk Long,36
25371,Xã Đắk KRoong,36
25374,Xã Đắk Môn,36
25377,Thị trấn Plei Kần,36
25380,Xã Đắk Ang,36
25383,Xã Đắk Dục,36
25386,Xã Đắk Nông,36
25389,Xã Đắk Xú,36
25392,Xã Đắk Kan,36
25395,Xã Bờ Y,36
25398,Xã Sa Loong,36
25401,Thị trấn Đắk Tô,36
25427,Xã Đắk Rơ Nga,36
25428,Xã Ngọk Tụ,36
25430,Xã Đắk Trăm,36
25431,Xã Văn Lem,36
25434,Xã Kon Đào,36
25437,Xã Tân Cảnh,36
25440,Xã Diên Bình,36
25443,Xã Pô Kô,36
25452,Xã Đắk Nên,36
25455,Xã Đắk Ring,36
25458,Xã Măng Buk,36
25461,Xã Đắk Tăng,36
25464,Xã Ngok Tem,36
25467,Xã Pờ Ê,36
25470,Xã Măng Cành,36
25473,Thị trấn Măng Đen,36
25476,Xã Hiếu,36
25479,Thị trấn Đắk Rve,36
25482,Xã Đắk Kôi,36
25485,Xã Đắk Tơ Lung,36
25488,Xã Đắk Ruồng,36
25491,Xã Đắk Pne,36
25494,Xã Đắk Tờ Re,36
25497,Xã Tân Lập,36
25500,Thị trấn Đắk Hà,36
25503,Xã Đắk PXi,36
25504,Xã Đăk Long,36
25506,Xã Đắk HRing,36
25509,Xã Đắk Ui,36
25510,Xã Đăk Ngọk,36
25512,Xã Đắk Mar,36
25515,Xã Ngok Wang,36
25518,Xã Ngok Réo,36
25521,Xã Hà Mòn,36
25524,Xã Đắk La,36
25527,Thị trấn Sa Thầy,36
25530,Xã Rơ Kơi,36
25533,Xã Sa Nhơn,36
25534,Xã Hơ Moong,36
25536,Xã Mô Rai,36
25539,Xã Sa Sơn,36
25542,Xã Sa Nghĩa,36
25545,Xã Sa Bình,36
25548,Xã Ya Xiêr,36
25551,Xã Ya Tăng,36
25554,Xã Ya ly,36
25404,Xã Ngọc Lây,36
25407,Xã Đắk Na,36
25410,Xã Măng Ri,36
25413,Xã Ngọc Yêu,36
25416,Xã Đắk Sao,36
25417,Xã Đắk Rơ Ông,36
25419,Xã Đắk Tờ Kan,36
25422,Xã Tu Mơ Rông,36
25425,Xã Đắk Hà,36
25446,Xã Tê Xăng,36
25449,Xã Văn Xuôi,36
25535,Xã Ia Đal,36
25537,Xã Ia Dom,36
25538,Xã Ia Tơi,36
25557,Phường Yên Đỗ,34
25560,Phường Diên Hồng,34
25563,Phường Ia Kring,34
25566,Phường Hội Thương,34
25569,Phường Hội Phú,34
25570,Phường Phù Đổng,34
25572,Phường Hoa Lư,34
25575,Phường Tây Sơn,34
25578,Phường Thống Nhất,34
25579,Phường Đống Đa,34
25581,Phường Trà Bá,34
25582,Phường Thắng Lợi,34
25584,Phường Yên Thế,34
25586,Phường Chi Lăng,34
25590,Xã Biển Hồ,34
25596,Xã Trà Đa,34
25599,Xã Chư Á,34
25602,Xã An Phú,34
25605,Xã Diên Phú,34
25608,Xã Ia Kênh,34
25611,Xã Gào,34
25614,Phường An Bình,34
25617,Phường Tây Sơn,34
25620,Phường An Phú,34
25623,Phường An Tân,34
25626,Xã Tú An,34
25627,Xã Xuân An,34
25629,Xã Cửu An,34
25630,Phường An Phước,34
25632,Xã Song An,34
25633,Phường Ngô Mây,34
25635,Xã Thành An,34
26041,Phường Cheo Reo,34
26042,Phường Hòa Bình,34
26044,Phường Đoàn Kết,34
26045,Phường Sông Bờ,34
26064,Xã Ia RBol,34
26065,Xã Chư Băh,34
26070,Xã Ia RTô,34
26073,Xã Ia Sao,34
25638,Thị trấn KBang,34
25641,Xã Kon Pne,34
25644,Xã Đăk Roong,34
25647,Xã Sơn Lang,34
25650,Xã KRong,34
25653,Xã Sơ Pai,34
25656,Xã Lơ Ku,34
25659,Xã Đông,34
25660,Xã Đak SMar,34
25662,Xã Nghĩa An,34
25665,Xã Tơ Tung,34
25668,Xã Kông Lơng Khơng,34
25674,Xã Kông Bơ La,34
25677,Thị trấn Đăk Đoa,34
25680,Xã Hà Đông,34
25683,Xã Đăk Sơmei,34
25684,Xã Đăk Krong,34
25686,Xã Hải Yang,34
25689,Xã Kon Gang,34
25692,Xã Hà Bầu,34
25695,Xã Nam Yang,34
25698,Xã K' Dang,34
25701,Xã H' Neng,34
25704,Xã Tân Bình,34
25707,Xã Glar,34
25710,Xã A Dơk,34
25713,Xã Trang,34
25714,Xã HNol,34
25716,Xã Ia Pết,34
25719,Xã Ia Băng,34
25722,Thị trấn Phú Hòa,34
25725,Xã Hà Tây,34
25728,Xã Ia Khươl,34
25731,Xã Ia Phí,34
25734,Thị trấn Ia Ly,34
25737,Xã Ia Mơ Nông,34
25738,Xã Ia Kreng,34
25740,Xã Đăk Tơ Ver,34
25743,Xã Hòa Phú,34
25746,Xã Chư Đăng Ya,34
25749,Xã Ia Ka,34
25752,Xã Ia Nhin,34
25755,Xã Nghĩa Hòa,34
25761,Xã Nghĩa Hưng,34
25764,Thị trấn Ia Kha,34
25767,Xã Ia Sao,34
25768,Xã Ia Yok,34
25770,Xã Ia Hrung,34
25771,Xã Ia Bă,34
25773,Xã Ia Khai,34
25776,Xã Ia KRai,34
25778,Xã Ia Grăng,34
25779,Xã Ia Tô,34
25782,Xã Ia O,34
25785,Xã Ia Dêr,34
25788,Xã Ia Chia,34
25791,Xã Ia Pếch,34
25794,Thị trấn Kon Dơng,34
25797,Xã Ayun,34
25798,Xã Đak Jơ Ta,34
25799,Xã Đak Ta Ley,34
25800,Xã Hra,34
25803,Xã Đăk Yă,34
25806,Xã Đăk Djrăng,34
25809,Xã Lơ Pang,34
25812,Xã Kon Thụp,34
25815,Xã Đê Ar,34
25818,Xã Kon Chiêng,34
25821,Xã Đăk Trôi,34
25824,Thị trấn Kông Chro,34
25827,Xã Chư Krêy,34
25830,Xã An Trung,34
25833,Xã Kông Yang,34
25836,Xã Đăk Tơ Pang,34
25839,Xã SRó,34
25840,Xã Đắk Kơ Ning,34
25842,Xã Đăk Song,34
25843,Xã Đăk Pling,34
25845,Xã Yang Trung,34
25846,Xã Đăk Pơ Pho,34
25848,Xã Ya Ma,34
25851,Xã Chơ Long,34
25854,Xã Yang Nam,34
25857,Thị trấn Chư Ty,34
25860,Xã Ia Dơk,34
25863,Xã Ia Krêl,34
25866,Xã Ia Din,34
25869,Xã Ia Kla,34
25872,Xã Ia Dom,34
25875,Xã Ia Lang,34
25878,Xã Ia Kriêng,34
25881,Xã Ia Pnôn,34
25884,Xã Ia Nan,34
25887,Thị trấn Chư Prông,34
25888,Xã Ia Kly,34
25890,Xã Bình Giáo,34
25893,Xã Ia Drăng,34
25896,Xã Thăng Hưng,34
25899,Xã Bàu Cạn,34
25902,Xã Ia Phìn,34
25905,Xã Ia Băng,34
25908,Xã Ia Tôr,34
25911,Xã Ia Boòng,34
25914,Xã Ia O,34
25917,Xã Ia Púch,34
25920,Xã Ia Me,34
25923,Xã Ia Vê,34
25924,Xã Ia Bang,34
25926,Xã Ia Pia,34
25929,Xã Ia Ga,34
25932,Xã Ia Lâu,34
25935,Xã Ia Piơr,34
25938,Xã Ia Mơ,34
25941,Thị trấn Chư Sê,34
25944,Xã Ia Tiêm,34
25945,Xã Chư Pơng,34
25946,Xã Bar Măih,34
25947,Xã Bờ Ngoong,34
25950,Xã Ia Glai,34
25953,Xã AL Bá,34
25954,Xã Kông HTok,34
25956,Xã AYun,34
25959,Xã Ia HLốp,34
25962,Xã Ia Blang,34
25965,Xã Dun,34
25966,Xã Ia Pal,34
25968,Xã H Bông,34
25977,Xã Ia Ko,34
25989,Xã Hà Tam,34
25992,Xã An Thành,34
25995,Thị trấn Đak Pơ,34
25998,Xã Yang Bắc,34
26001,Xã Cư An,34
26004,Xã Tân An,34
26007,Xã Phú An,34
26010,Xã Ya Hội,34
26013,Xã Pờ Tó,34
26016,Xã Chư Răng,34
26019,Xã Ia KDăm,34
26022,Xã Kim Tân,34
26025,Xã Chư Mố,34
26028,Xã Ia Tul,34
26031,Xã Ia Ma Rơn,34
26034,Xã Ia Broăi,34
26037,Xã Ia Trok,34
26076,Thị trấn Phú Túc,34
26079,Xã Ia RSai,34
26082,Xã Ia RSươm,34
26085,Xã Chư Gu,34
26088,Xã Đất Bằng,34
26091,Xã Ia Mláh,34
26094,Xã Chư Drăng,34
26097,Xã Phú Cần,34
26100,Xã Ia HDreh,34
26103,Xã Ia RMok,34
26106,Xã Chư Ngọc,34
26109,Xã Uar,34
26112,Xã Chư Rcăm,34
26115,Xã Krông Năng,34
26043,Thị trấn Phú Thiện,34
26046,Xã Chư A Thai,34
26048,Xã Ayun Hạ,34
26049,Xã Ia Ake,34
26052,Xã Ia Sol,34
26055,Xã Ia Piar,34
26058,Xã Ia Peng,34
26060,Xã Chrôh Pơnan,34
26061,Xã Ia Hiao,34
26067,Xã Ia Yeng,34
25942,Thị trấn Nhơn Hoà,34
25971,Xã Ia Hrú,34
25972,Xã Ia Rong,34
25974,Xã Ia Dreng,34
25978,Xã Ia Hla,34
25980,Xã Chư Don,34
25983,Xã Ia Phang,34
25986,Xã Ia Le,34
25987,Xã Ia BLứ,34
26118,Phường Tân Lập,32
26121,Phường Tân Hòa,32
26124,Phường Tân An,32
26130,Phường Thành Nhất,32
26133,Phường Thành Công,32
26136,Phường Tân Lợi,32
26142,Phường Tân Thành,32
26145,Phường Tân Tiến,32
26148,Phường Tự An,32
26151,Phường Ea Tam,32
26154,Phường Khánh Xuân,32
26157,Xã Hòa Thuận,32
26160,Xã Cư ÊBur,32
26163,Xã Ea Tu,32
26166,Xã Hòa Thắng,32
26169,Xã Ea Kao,32
26172,Xã Hòa Phú,32
26175,Xã Hòa Khánh,32
26178,Xã Hòa Xuân,32
26305,Phường An Lạc,32
26308,Phường An Bình,32
26311,Phường Thiện An,32
26318,Phường Đạt Hiếu,32
26322,Phường Đoàn Kết,32
26328,Xã Ea Drông,32
26331,Phường Thống Nhất,32
26332,Phường Bình Tân,32
26334,Xã Ea Siên,32
26337,Xã Bình Thuận,32
26340,Xã Cư Bao,32
26181,Thị trấn Ea Drăng,32
26184,Xã Ea H'leo,32
26187,Xã Ea Sol,32
26190,Xã Ea Ral,32
26193,Xã Ea Wy,32
26194,Xã Cư A Mung,32
26196,Xã Cư Mốt,32
26199,Xã Ea Hiao,32
26202,Xã Ea Khal,32
26205,Xã Dliê Yang,32
26207,Xã Ea Tir,32
26208,Xã Ea Nam,32
26211,Thị trấn Ea Súp,32
26214,Xã Ia Lốp,32
26215,Xã Ia JLơi,32
26217,Xã Ea Rốk,32
26220,Xã Ya Tờ Mốt,32
26221,Xã Ia RVê,32
26223,Xã Ea Lê,32
26226,Xã Cư KBang,32
26229,Xã Ea Bung,32
26232,Xã Cư M'Lan,32
26235,Xã Krông Na,32
26238,Xã Ea Huar,32
26241,Xã Ea Wer,32
26244,Xã Tân Hoà,32
26247,Xã Cuôr KNia,32
26250,Xã Ea Bar,32
26253,Xã Ea Nuôl,32
26256,Thị trấn Ea Pốk,32
26259,Thị trấn Quảng Phú,32
26262,Xã Quảng Tiến,32
26264,Xã Ea Kuêh,32
26265,Xã Ea Kiết,32
26268,Xã Ea Tar,32
26271,Xã Cư Dliê M'nông,32
26274,Xã Ea H'đinh,32
26277,Xã Ea Tul,32
26280,Xã Ea KPam,32
26283,Xã Ea M'DRóh,32
26286,Xã Quảng Hiệp,32
26289,Xã Cư M'gar,32
26292,Xã Ea D'Rơng,32
26295,Xã Ea M'nang,32
26298,Xã Cư Suê,32
26301,Xã Cuor Đăng,32
26307,Xã Cư Né,32
26310,Xã Chư KBô,32
26313,Xã Cư Pơng,32
26314,Xã Ea Sin,32
26316,Thị trấn Pơng Drang,32
26317,Xã Tân Lập,32
26319,Xã Ea Ngai,32
26343,Thị trấn Krông Năng,32
26346,Xã ĐLiê Ya,32
26349,Xã Ea Tóh,32
26352,Xã Ea Tam,32
26355,Xã Phú Lộc,32
26358,Xã Tam Giang,32
26359,Xã Ea Puk,32
26360,Xã Ea Dăh,32
26361,Xã Ea Hồ,32
26364,Xã Phú Xuân,32
26367,Xã Cư Klông,32
26370,Xã Ea Tân,32
26373,Thị trấn Ea Kar,32
26376,Thị trấn Ea Knốp,32
26379,Xã Ea Sô,32
26380,Xã Ea Sar,32
26382,Xã Xuân Phú,32
26385,Xã Cư Huê,32
26388,Xã Ea Tih,32
26391,Xã Ea Đar,32
26394,Xã Ea Kmút,32
26397,Xã Cư Ni,32
26400,Xã Ea Păl,32
26401,Xã Cư Prông,32
26403,Xã Ea Ô,32
26404,Xã Cư ELang,32
26406,Xã Cư Bông,32
26409,Xã Cư Jang,32
26412,Thị trấn M'Đrắk,32
26415,Xã Cư Prao,32
26418,Xã Ea Pil,32
26421,Xã Ea Lai,32
26424,Xã Ea H'MLay,32
26427,Xã Krông Jing,32
26430,Xã Ea M' Doal,32
26433,Xã Ea Riêng,32
26436,Xã Cư M'ta,32
26439,Xã Cư K Róa,32
26442,Xã Krông Á,32
26444,Xã Cư San,32
26445,Xã Ea Trang,32
26448,Thị trấn Krông Kmar,32
26451,Xã Dang Kang,32
26454,Xã Cư KTy,32
26457,Xã Hòa Thành,32
26463,Xã Hòa Phong,32
26466,Xã Hòa Lễ,32
26469,Xã Yang Reh,32
26472,Xã Ea Trul,32
26475,Xã Khuê Ngọc Điền,32
26478,Xã Cư Pui,32
26481,Xã Hòa Sơn,32
26484,Xã Cư Drăm,32
26487,Xã Yang Mao,32
26490,Thị trấn Phước An,32
26493,Xã KRông Búk,32
26496,Xã Ea Kly,32
26499,Xã Ea Kênh,32
26502,Xã Ea Phê,32
26505,Xã Ea KNuec,32
26508,Xã Ea Yông,32
26511,Xã Hòa An,32
26514,Xã Ea Kuăng,32
26517,Xã Hòa Đông,32
26520,Xã Ea Hiu,32
26523,Xã Hòa Tiến,32
26526,Xã Tân Tiến,32
26529,Xã Vụ Bổn,32
26532,Xã Ea Uy,32
26535,Xã Ea Yiêng,32
26538,Thị trấn Buôn Trấp,32
26556,Xã Dray Sáp,32
26559,Xã Ea Na,32
26565,Xã Ea Bông,32
26568,Xã Băng A Drênh,32
26571,Xã Dur KMăl,32
26574,Xã Bình Hòa,32
26577,Xã Quảng Điền,32
26580,Thị trấn Liên Sơn,32
26583,Xã Yang Tao,32
26586,Xã Bông Krang,32
26589,Xã Đắk Liêng,32
26592,Xã Buôn Triết,32
26595,Xã Buôn Tría,32
26598,Xã Đắk Phơi,32
26601,Xã Đắk Nuê,32
26604,Xã Krông Nô,32
26607,Xã Nam Ka,32
26610,Xã Ea R'Bin,32
26540,Xã Ea Ning,32
26541,Xã Cư Ê Wi,32
26544,Xã Ea Ktur,32
26547,Xã Ea Tiêu,32
26550,Xã Ea BHốk,32
26553,Xã Ea Hu,32
26561,Xã Dray Bhăng,32
26562,Xã Hòa Hiệp,32
26611,Phường Nghĩa Đức,33
26612,Phường Nghĩa Thành,33
26614,Phường Nghĩa Phú,33
26615,Phường Nghĩa Tân,33
26617,Phường Nghĩa Trung,33
26618,Xã Đăk R'Moan,33
26619,Phường Quảng Thành,33
26628,Xã Đắk Nia,33
26616,Xã Quảng Sơn,33
26620,Xã Quảng Hoà,33
26622,Xã Đắk Ha,33
26625,Xã Đắk R'Măng,33
26631,Xã Quảng Khê,33
26634,Xã Đắk Plao,33
26637,Xã Đắk Som,33
26640,Thị trấn Ea T'Ling,33
26643,Xã Đắk Wil,33
26646,Xã Ea Pô,33
26649,Xã Nam Dong,33
26652,Xã Đắk DRông,33
26655,Xã Tâm Thắng,33
26658,Xã Cư Knia,33
26661,Xã Trúc Sơn,33
26664,Thị trấn Đắk Mil,33
26667,Xã Đắk Lao,33
26670,Xã Đắk R'La,33
26673,Xã Đắk Gằn,33
26676,Xã Đức Mạnh,33
26677,Xã Đắk N'Drót,33
26678,Xã Long Sơn,33
26679,Xã Đắk Sắk,33
26682,Xã Thuận An,33
26685,Xã Đức Minh,33
26688,Thị trấn Đắk Mâm,33
26691,Xã Đắk Sôr,33
26692,Xã Nam Xuân,33
26694,Xã Buôn Choah,33
26697,Xã Nam Đà,33
26699,Xã Tân Thành,33
26700,Xã Đắk Drô,33
26703,Xã Nâm Nung,33
26706,Xã Đức Xuyên,33
26709,Xã Đắk Nang,33
26712,Xã Quảng Phú,33
26715,Xã Nâm N'Đir,33
26717,Thị trấn Đức An,33
26718,Xã Đắk Môl,33
26719,Xã Đắk Hòa,33
26721,Xã Nam Bình,33
26722,Xã Thuận Hà,33
26724,Xã Thuận Hạnh,33
26727,Xã Đắk N'Dung,33
26728,Xã Nâm N'Jang,33
26730,Xã Trường Xuân,33
26733,Thị trấn Kiến Đức,33
26745,Xã Quảng Tín,33
26750,Xã Đắk Wer,33
26751,Xã Nhân Cơ,33
26754,Xã Kiến Thành,33
26756,Xã Nghĩa Thắng,33
26757,Xã Đạo Nghĩa,33
26760,Xã Đắk Sin,33
26761,Xã Hưng Bình,33
26763,Xã Đắk Ru,33
26766,Xã Nhân Đạo,33
26736,Xã Quảng Trực,33
26739,Xã Đắk Búk So,33
26740,Xã Quảng Tâm,33
26742,Xã Đắk R'Tíh,33
26746,Xã Đắk Ngo,33
26748,Xã Quảng Tân,33
26769,Phường 7,29
26772,Phường 8,29
26775,Phường 12,29
26778,Phường 9,29
26781,Phường 2,29
26784,Phường 1,29
26787,Phường 6,29
26790,Phường 5,29
26793,Phường 4,29
26796,Phường 10,29
26799,Phường 11,29
26802,Phường 3,29
26805,Xã Xuân Thọ,29
26808,Xã Tà Nung,29
26810,Xã Trạm Hành,29
26811,Xã Xuân Trường,29
26814,Phường Lộc Phát,29
26817,Phường Lộc Tiến,29
26820,Phường 2,29
26823,Phường 1,29
26826,Phường B'lao,29
26829,Phường Lộc Sơn,29
26832,Xã Đạm Bri,29
26835,Xã Lộc Thanh,29
26838,Xã Lộc Nga,29
26841,Xã Lộc Châu,29
26844,Xã Đại Lào,29
26853,Xã Đạ Tông,29
26856,Xã Đạ Long,29
26859,Xã Đạ M' Rong,29
26874,Xã Liêng Srônh,29
26875,Xã Đạ Rsal,29
26877,Xã Rô Men,29
26886,Xã Phi Liêng,29
26889,Xã Đạ K' Nàng,29
26846,Thị trấn Lạc Dương,29
26847,Xã Đạ Chais,29
26848,Xã Đạ Nhim,29
26850,Xã Đưng KNớ,29
26862,Xã Lát,29
26865,Xã Đạ Sar,29
26868,Thị trấn Nam Ban,29
26871,Thị trấn Đinh Văn,29
26880,Xã Phú Sơn,29
26883,Xã Phi Tô,29
26892,Xã Mê Linh,29
26895,Xã Đạ Đờn,29
26898,Xã Phúc Thọ,29
26901,Xã Đông Thanh,29
26904,Xã Gia Lâm,29
26907,Xã Tân Thanh,29
26910,Xã Tân Văn,29
26913,Xã Hoài Đức,29
26916,Xã Tân Hà,29
26919,Xã Liên Hà,29
26922,Xã Đan Phượng,29
26925,Xã Nam Hà,29
26928,Thị trấn D'Ran,29
26931,Thị trấn Thạnh Mỹ,29
26934,Xã Lạc Xuân,29
26937,Xã Đạ Ròn,29
26940,Xã Lạc Lâm,29
26943,Xã Ka Đô,29
26949,Xã Ka Đơn,29
26952,Xã Tu Tra,29
26955,Xã Quảng Lập,29
26958,Thị trấn Liên Nghĩa,29
26961,Xã Hiệp An,29
26964,Xã Liên Hiệp,29
26967,Xã Hiệp Thạnh,29
26970,Xã Bình Thạnh,29
26973,Xã N'Thol Hạ,29
26976,Xã Tân Hội,29
26979,Xã Tân Thành,29
26982,Xã Phú Hội,29
26985,Xã Ninh Gia,29
26988,Xã Tà Năng,29
26989,Xã Đa Quyn,29
26991,Xã Tà Hine,29
26994,Xã Đà Loan,29
26997,Xã Ninh Loan,29
27000,Thị trấn Di Linh,29
27003,Xã Đinh Trang Thượng,29
27006,Xã Tân Thượng,29
27007,Xã Tân Lâm,29
27009,Xã Tân Châu,29
27012,Xã Tân Nghĩa,29
27015,Xã Gia Hiệp,29
27018,Xã Đinh Lạc,29
27021,Xã Tam Bố,29
27024,Xã Đinh Trang Hòa,29
27027,Xã Liên Đầm,29
27030,Xã Gung Ré,29
27033,Xã Bảo Thuận,29
27036,Xã Hòa Ninh,29
27039,Xã Hòa Trung,29
27042,Xã Hòa Nam,29
27045,Xã Hòa Bắc,29
27048,Xã Sơn Điền,29
27051,Xã Gia Bắc,29
27054,Thị trấn Lộc Thắng,29
27057,Xã Lộc Bảo,29
27060,Xã Lộc Lâm,29
27063,Xã Lộc Phú,29
27066,Xã Lộc Bắc,29
27069,Xã B' Lá,29
27072,Xã Lộc Ngãi,29
27075,Xã Lộc Quảng,29
27078,Xã Lộc Tân,29
27081,Xã Lộc Đức,29
27084,Xã Lộc An,29
27087,Xã Tân Lạc,29
27090,Xã Lộc Thành,29
27093,Xã Lộc Nam,29
27096,Thị trấn Đạ M'ri,29
27099,Thị trấn Ma Đa Guôi,29
27105,Xã Hà Lâm,29
27111,Xã Đạ Oai,29
27114,Xã Bà Gia,29
27117,Xã Ma Đa Guôi,29
27126,Thị trấn Đạ Tẻh,29
27129,Xã An Nhơn,29
27132,Xã Quốc Oai,29
27135,Xã Mỹ Đức,29
27138,Xã Quảng Trị,29
27141,Xã Đạ Lây,29
27153,Xã Đạ Kho,29
27156,Xã Đạ Pal,29
27159,Thị trấn Cát Tiên,29
27162,Xã Tiên Hoàng,29
27165,Xã Phước Cát 2,29
27168,Xã Gia Viễn,29
27171,Xã Nam Ninh,29
27180,Thị trấn Phước Cát ,29
27183,Xã Đức Phổ,29
27189,Xã Quảng Ngãi,29
27192,Xã Đồng Nai Thượng,29
27216,Phường Thác Mơ,51
27217,Phường Long Thủy,51
27219,Phường Phước Bình,51
27220,Phường Long Phước,51
27237,Phường Sơn Giang,51
27245,Xã Long Giang,51
27249,Xã Phước Tín,51
27195,Phường Tân Phú,51
27198,Phường Tân Đồng,51
27201,Phường Tân Bình,51
27204,Phường Tân Xuân,51
27205,Phường Tân Thiện,51
27207,Xã Tân Thành,51
27210,Phường Tiến Thành,51
27213,Xã Tiến Hưng,51
27320,Phường Hưng Chiến,51
27324,Phường An Lộc,51
27325,Phường Phú Thịnh,51
27326,Phường Phú Đức,51
27333,Xã Thanh Lương,51
27336,Xã Thanh Phú,51
27222,Xã Bù Gia Mập,51
27225,Xã Đak Ơ,51
27228,Xã Đức Hạnh,51
27229,Xã Phú Văn,51
27231,Xã Đa Kia,51
27232,Xã Phước Minh,51
27234,Xã Bình Thắng,51
27267,Xã Phú Nghĩa,51
27270,Thị trấn Lộc Ninh,51
27273,Xã Lộc Hòa,51
27276,Xã Lộc An,51
27279,Xã Lộc Tấn,51
27280,Xã Lộc Thạnh,51
27282,Xã Lộc Hiệp,51
27285,Xã Lộc Thiện,51
27288,Xã Lộc Thuận,51
27291,Xã Lộc Quang,51
27292,Xã Lộc Phú,51
27294,Xã Lộc Thành,51
27297,Xã Lộc Thái,51
27300,Xã Lộc Điền,51
27303,Xã Lộc Hưng,51
27305,Xã Lộc Thịnh,51
27306,Xã Lộc Khánh,51
27308,Thị trấn Thanh Bình,51
27309,Xã Hưng Phước,51
27310,Xã Phước Thiện,51
27312,Xã Thiện Hưng,51
27315,Xã Thanh Hòa,51
27318,Xã Tân Thành,51
27321,Xã Tân Tiến,51
27327,Xã Thanh An,51
27330,Xã An Khương,51
27339,Xã An Phú,51
27342,Xã Tân Lợi,51
27345,Xã Tân Hưng,51
27348,Xã Minh Đức,51
27349,Xã Minh Tâm,51
27351,Xã Phước An,51
27354,Xã Thanh Bình,51
27357,Thị trấn Tân Khai,51
27360,Xã Đồng Nơ,51
27361,Xã Tân Hiệp,51
27438,Xã Tân Quan,51
27363,Thị trấn Tân Phú,51
27366,Xã Thuận Lợi,51
27369,Xã Đồng Tâm,51
27372,Xã Tân Phước,51
27375,Xã Tân Hưng,51
27378,Xã Tân Lợi,51
27381,Xã Tân Lập,51
27384,Xã Tân Hòa,51
27387,Xã Thuận Phú,51
27390,Xã Đồng Tiến,51
27393,Xã Tân Tiến,51
27396,Thị trấn Đức Phong,51
27398,Xã Đường 10,51
27399,Xã Đak Nhau,51
27400,Xã Phú Sơn,51
27402,Xã Thọ Sơn,51
27404,Xã Bình Minh,51
27405,Xã Bom Bo,51
27408,Xã Minh Hưng,51
27411,Xã Đoàn Kết,51
27414,Xã Đồng Nai,51
27417,Xã Đức Liễu,51
27420,Xã Thống Nhất,51
27423,Xã Nghĩa Trung,51
27424,Xã Nghĩa Bình,51
27426,Xã Đăng Hà,51
27429,Xã Phước Sơn,51
27432,Phường Hưng Long,51
27433,Phường Thành Tâm,51
27435,Xã Minh Lập,51
27439,Xã Quang Minh,51
27441,Phường Minh Hưng,51
27444,Phường Minh Long,51
27447,Phường Minh Thành,51
27450,Xã Nha Bích,51
27453,Xã Minh Thắng,51
27240,Xã Long Bình,51
27243,Xã Bình Tân,51
27244,Xã Bình Sơn,51
27246,Xã Long Hưng,51
27250,Xã Phước Tân,51
27252,Xã Bù Nho,51
27255,Xã Long Hà,51
27258,Xã Long Tân,51
27261,Xã Phú Trung,51
27264,Xã Phú Riềng,51
27456,Phường 1,61
27459,Phường 3,61
27462,Phường 4,61
27465,Phường Hiệp Ninh,61
27468,Phường 2,61
27471,Xã Thạnh Tân,61
27474,Xã Tân Bình,61
27477,Xã Bình Minh,61
27480,Phường Ninh Sơn,61
27483,Phường Ninh Thạnh,61
27486,Thị trấn Tân Biên,61
27489,Xã Tân Lập,61
27492,Xã Thạnh Bắc,61
27495,Xã Tân Bình,61
27498,Xã Thạnh Bình,61
27501,Xã Thạnh Tây,61
27504,Xã Hòa Hiệp,61
27507,Xã Tân Phong,61
27510,Xã Mỏ Công,61
27513,Xã Trà Vong,61
27516,Thị trấn Tân Châu,61
27519,Xã Tân Hà,61
27522,Xã Tân Đông,61
27525,Xã Tân Hội,61
27528,Xã Tân Hòa,61
27531,Xã Suối Ngô,61
27534,Xã Suối Dây,61
27537,Xã Tân Hiệp,61
27540,Xã Thạnh Đông,61
27543,Xã Tân Thành,61
27546,Xã Tân Phú,61
27549,Xã Tân Hưng,61
27552,Thị trấn Dương Minh Châu,61
27555,Xã Suối Đá,61
27558,Xã Phan,61
27561,Xã Phước Ninh,61
27564,Xã Phước Minh,61
27567,Xã Bàu Năng,61
27570,Xã Chà Là,61
27573,Xã Cầu Khởi,61
27576,Xã Bến Củi,61
27579,Xã Lộc Ninh,61
27582,Xã Truông Mít,61
27585,Thị trấn Châu Thành,61
27588,Xã Hảo Đước,61
27591,Xã Phước Vinh,61
27594,Xã Đồng Khởi,61
27597,Xã Thái Bình,61
27600,Xã An Cơ,61
27603,Xã Biên Giới,61
27606,Xã Hòa Thạnh,61
27609,Xã Trí Bình,61
27612,Xã Hòa Hội,61
27615,Xã An Bình,61
27618,Xã Thanh Điền,61
27621,Xã Thành Long,61
27624,Xã Ninh Điền,61
27627,Xã Long Vĩnh,61
27630,Phường Long Hoa,61
27633,Phường Hiệp Tân,61
27636,Phường Long Thành Bắc,61
27639,Xã Trường Hòa,61
27642,Xã Trường Đông,61
27645,Phường Long Thành Trung,61
27648,Xã Trường Tây,61
27651,Xã Long Thành Nam,61
27654,Thị trấn Gò Dầu,61
27657,Xã Thạnh Đức,61
27660,Xã Cẩm Giang,61
27663,Xã Hiệp Thạnh,61
27666,Xã Bàu Đồn,61
27669,Xã Phước Thạnh,61
27672,Xã Phước Đông,61
27675,Xã Phước Trạch,61
27678,Xã Thanh Phước,61
27681,Thị trấn Bến Cầu,61
27684,Xã Long Chữ,61
27687,Xã Long Phước,61
27690,Xã Long Giang,61
27693,Xã Tiên Thuận,61
27696,Xã Long Khánh,61
27699,Xã Lợi Thuận,61
27702,Xã Long Thuận,61
27705,Xã An Thạnh,61
27708,Phường Trảng Bàng,61
27711,Xã Đôn Thuận,61
27714,Xã Hưng Thuận,61
27717,Phường Lộc Hưng,61
27720,Phường Gia Lộc,61
27723,Phường Gia Bình,61
27729,Xã Phước Bình,61
27732,Phường An Tịnh,61
27735,Phường An Hòa,61
27738,Xã Phước Chỉ,61
27741,Phường Hiệp Thành,46
27744,Phường Phú Lợi,46
27747,Phường Phú Cường,46
27750,Phường Phú Hòa,46
27753,Phường Phú Thọ,46
27756,Phường Chánh Nghĩa,46
27759,Phường Định Hoà,46
27760,Phường Hoà Phú,46
27762,Phường Phú Mỹ,46
27763,Phường Phú Tân,46
27765,Phường Tân An,46
27768,Phường Hiệp An,46
27771,Phường Tương Bình Hiệp,46
27774,Phường Chánh Mỹ,46
27816,Xã Trừ Văn Thố,46
27819,Xã Cây Trường II,46
27822,Thị trấn Lai Uyên,46
27825,Xã Tân Hưng,46
27828,Xã Long Nguyên,46
27831,Xã Hưng Hòa,46
27834,Xã Lai Hưng,46
27777,Thị trấn Dầu Tiếng,46
27780,Xã Minh Hoà,46
27783,Xã Minh Thạnh,46
27786,Xã Minh Tân,46
27789,Xã Định An,46
27792,Xã Long Hoà,46
27795,Xã Định Thành,46
27798,Xã Định Hiệp,46
27801,Xã An Lập,46
27804,Xã Long Tân,46
27807,Xã Thanh An,46
27810,Xã Thanh Tuyền,46
27813,Phường Mỹ Phước,46
27837,Phường Chánh Phú Hòa,46
27840,Phường An Điền,46
27843,Phường An Tây,46
27846,Phường Thới Hòa,46
27849,Phường Hòa Lợi,46
27852,Phường Tân Định,46
27855,Xã Phú An,46
27858,Thị trấn Phước Vĩnh,46
27861,Xã An Linh,46
27864,Xã Phước Sang,46
27865,Xã An Thái,46
27867,Xã An Long,46
27870,Xã An Bình,46
27873,Xã Tân Hiệp,46
27876,Xã Tam Lập,46
27879,Xã Tân Long,46
27882,Xã Vĩnh Hoà,46
27885,Xã Phước Hoà,46
27888,Phường Uyên Hưng,46
27891,Phường Tân Phước Khánh,46
27912,Phường Vĩnh Tân,46
27915,Phường Hội Nghĩa,46
27920,Phường Tân Hiệp,46
27921,Phường Khánh Bình,46
27924,Phường Phú Chánh,46
27930,Xã Bạch Đằng,46
27933,Phường Tân Vĩnh Hiệp,46
27936,Phường Thạnh Phước,46
27937,Xã Thạnh Hội,46
27939,Phường Thái Hòa,46
27942,Phường Dĩ An,46
27945,Phường Tân Bình,46
27948,Phường Tân Đông Hiệp,46
27951,Phường Bình An,46
27954,Phường Bình Thắng,46
27957,Phường Đông Hòa,46
27960,Phường An Bình,46
27963,Phường An Thạnh,46
27966,Phường Lái Thiêu,46
27969,Phường Bình Chuẩn,46
27972,Phường Thuận Giao,46
27975,Phường An Phú,46
27978,Phường Hưng Định,46
27981,Xã An Sơn,46
27984,Phường Bình Nhâm,46
27987,Phường Bình Hòa,46
27990,Phường Vĩnh Phú,46
27894,Xã Tân Định,46
27897,Xã Bình Mỹ,46
27900,Thị trấn Tân Bình,46
27903,Xã Tân Lập,46
27906,Thị trấn Tân Thành,46
27907,Xã Đất Cuốc,46
27908,Xã Hiếu Liêm,46
27909,Xã Lạc An,46
27918,Xã Tân Mỹ,46
27927,Xã Thường Tân,46
27993,Phường Trảng Dài,55
27996,Phường Tân Phong,55
27999,Phường Tân Biên,55
28002,Phường Hố Nai,55
28005,Phường Tân Hòa,55
28008,Phường Tân Hiệp,55
28011,Phường Bửu Long,55
28014,Phường Tân Mai,55
28017,Phường Tam Hiệp,55
28020,Phường Long Bình,55
28023,Phường Quang Vinh,55
28029,Phường Thống Nhất,55
28041,Phường Trung Dũng,55
28047,Phường Bình Đa,55
28050,Phường An Bình,55
28053,Phường Bửu Hòa,55
28056,Phường Long Bình Tân,55
28059,Phường Tân Vạn,55
28062,Phường Tân Hạnh,55
28065,Phường Hiệp Hòa,55
28068,Phường Hóa An,55
28371,Phường An Hòa,55
28374,Phường Tam Phước,55
28377,Phường Phước Tân,55
28380,Xã Long Hưng,55
28077,Phường Xuân Bình,55
28080,Phường Xuân An,55
28083,Phường Xuân Hoà,55
28086,Phường Phú Bình,55
28089,Xã Bình Lộc,55
28092,Xã Bảo Quang,55
28095,Phường Suối Tre,55
28098,Phường Bảo Vinh,55
28101,Phường Xuân Lập,55
28104,Phường Bàu Sen,55
28107,Xã Bàu Trâm,55
28110,Phường Xuân Tân,55
28113,Xã Hàng Gòn,55
28116,Thị trấn Tân Phú,55
28119,Xã Dak Lua,55
28122,Xã Nam Cát Tiên,55
28125,Xã Phú An,55
28131,Xã Tà Lài,55
28134,Xã Phú Lập,55
28140,Xã Phú Thịnh,55
28143,Xã Thanh Sơn,55
28146,Xã Phú Sơn,55
28149,Xã Phú Xuân,55
28152,Xã Phú Lộc,55
28155,Xã Phú Lâm,55
28158,Xã Phú Bình,55
28161,Xã Phú Thanh,55
28164,Xã Trà Cổ,55
28167,Xã Phú Điền,55
28170,Thị trấn Vĩnh An,55
28173,Xã Phú Lý,55
28176,Xã Trị An,55
28179,Xã Tân An,55
28182,Xã Vĩnh Tân,55
28185,Xã Bình Lợi,55
28188,Xã Thạnh Phú,55
28191,Xã Thiện Tân,55
28194,Xã Tân Bình,55
28200,Xã Mã Đà,55
28206,Thị trấn Định Quán,55
28209,Xã Thanh Sơn,55
28212,Xã Phú Tân,55
28215,Xã Phú Vinh,55
28218,Xã Phú Lợi,55
28221,Xã Phú Hòa,55
28224,Xã Ngọc Định,55
28227,Xã La Ngà,55
28230,Xã Gia Canh,55
28233,Xã Phú Ngọc,55
28236,Xã Phú Cường,55
28239,Xã Túc Trưng,55
28242,Xã Phú Túc,55
28245,Xã Suối Nho,55
28248,Thị trấn Trảng Bom,55
28251,Xã Thanh Bình,55
28254,Xã Cây Gáo,55
28257,Xã Bàu Hàm,55
28260,Xã Sông Thao,55
28263,Xã Sông Trầu,55
28266,Xã Đông Hoà,55
28269,Xã Bắc Sơn,55
28272,Xã Hố Nai 3,55
28275,Xã Tây Hoà,55
28278,Xã Bình Minh,55
28281,Xã Trung Hoà,55
28284,Xã Đồi 61,55
28287,Xã Hưng Thịnh,55
28290,Xã Quảng Tiến,55
28293,Xã Giang Điền,55
28296,Xã An Viễn,55
28299,Xã Gia Tân 1,55
28302,Xã Gia Tân 2,55
28305,Xã Gia Tân 3,55
28308,Xã Gia Kiệm,55
28311,Xã Quang Trung,55
28314,Xã Bàu Hàm 2,55
28317,Xã Hưng Lộc,55
28320,Xã Lộ 25,55
28323,Xã Xuân Thiện,55
28326,Thị trấn Dầu Giây,55
28329,Xã Sông Nhạn,55
28332,Xã Xuân Quế,55
28335,Xã Nhân Nghĩa,55
28338,Xã Xuân Đường,55
28341,Thị trấn Long Giao,55
28344,Xã Xuân Mỹ,55
28347,Xã Thừa Đức,55
28350,Xã Bảo Bình,55
28353,Xã Xuân Bảo,55
28356,Xã Xuân Tây,55
28359,Xã Xuân Đông,55
28362,Xã Sông Ray,55
28365,Xã Lâm San,55
28368,Thị trấn Long Thành,55
28383,Xã An Phước,55
28386,Xã Bình An,55
28389,Xã Long Đức,55
28392,Xã Lộc An,55
28395,Xã Bình Sơn,55
28398,Xã Tam An,55
28401,Xã Cẩm Đường,55
28404,Xã Long An,55
28410,Xã Bàu Cạn,55
28413,Xã Long Phước,55
28416,Xã Phước Bình,55
28419,Xã Tân Hiệp,55
28422,Xã Phước Thái,55
28425,Thị trấn Gia Ray,55
28428,Xã Xuân Bắc,55
28431,Xã Suối Cao,55
28434,Xã Xuân Thành,55
28437,Xã Xuân Thọ,55
28440,Xã Xuân Trường,55
28443,Xã Xuân Hòa,55
28446,Xã Xuân Hưng,55
28449,Xã Xuân Tâm,55
28452,Xã Suối Cát,55
28455,Xã Xuân Hiệp,55
28458,Xã Xuân Phú,55
28461,Xã Xuân Định,55
28464,Xã Bảo Hoà,55
28467,Xã Lang Minh,55
28470,Xã Phước Thiền,55
28473,Xã Long Tân,55
28476,Xã Đại Phước,55
28479,Thị trấn Hiệp Phước,55
28482,Xã Phú Hữu,55
28485,Xã Phú Hội,55
28488,Xã Phú Thạnh,55
28491,Xã Phú Đông,55
28494,Xã Long Thọ,55
28497,Xã Vĩnh Thanh,55
28500,Xã Phước Khánh,55
28503,Xã Phước An,55
28506,Phường 1,47
28508,Phường Thắng Tam,47
28509,Phường 2,47
28512,Phường 3,47
28515,Phường 4,47
28518,Phường 5,47
28521,Phường Thắng Nhì,47
28524,Phường 7,47
28526,Phường Nguyễn An Ninh,47
28527,Phường 8,47
28530,Phường 9,47
28533,Phường Thắng Nhất,47
28535,Phường Rạch Dừa,47
28536,Phường 10,47
28539,Phường 11,47
28542,Phường 12,47
28545,Xã Long Sơn,47
28548,Phường Phước Hưng,47
28554,Phường Phước Nguyên,47
28557,Phường Long Toàn,47
28558,Phường Long Tâm,47
28560,Phường Phước Trung,47
28563,Phường Long Hương,47
28566,Phường Kim Dinh,47
28567,Xã Tân Hưng,47
28569,Xã Long Phước,47
28572,Xã Hoà Long,47
28574,Xã Bàu Chinh,47
28575,Thị trấn Ngãi Giao,47
28578,Xã Bình Ba,47
28581,Xã Suối Nghệ,47
28584,Xã Xuân Sơn,47
28587,Xã Sơn Bình,47
28590,Xã Bình Giã,47
28593,Xã Bình Trung,47
28596,Xã Xà Bang,47
28599,Xã Cù Bị,47
28602,Xã Láng Lớn,47
28605,Xã Quảng Thành,47
28608,Thị trấn Kim Long,47
28611,Xã Suối Rao,47
28614,Xã Đá Bạc,47
28617,Xã Nghĩa Thành,47
28620,Thị trấn Phước Bửu,47
28623,Xã Phước Thuận,47
28626,Xã Phước Tân,47
28629,Xã Xuyên Mộc,47
28632,Xã Bông Trang,47
28635,Xã Tân Lâm,47
28638,Xã Bàu Lâm,47
28641,Xã Hòa Bình,47
28644,Xã Hòa Hưng,47
28647,Xã Hòa Hiệp,47
28650,Xã Hòa Hội,47
28653,Xã Bưng Riềng,47
28656,Xã Bình Châu,47
28659,Thị trấn Long Điền,47
28662,Thị trấn Long Hải,47
28668,Xã Tam An,47
28674,Xã Phước Tỉnh,47
28677,Xã Phước Hưng,47
28680,Thị trấn Đất Đỏ,47
28683,Xã Phước Long Thọ,47
28686,Xã Phước Hội,47
28689,Thị trấn Phước Hải,47
28695,Xã Long Tân,47
28698,Xã Láng Dài,47
28704,Phường Phú Mỹ,47
28707,Phường Tân Hoà,47
28710,Phường Tân Hải,47
28713,Phường Phước Hoà,47
28716,Phường Tân Phước,47
28719,Phường Mỹ Xuân,47
28722,Xã Sông Xoài,47
28725,Phường Hắc Dịch,47
28728,Xã Châu Pha,47
28731,Xã Tóc Tiên,47
28734,Phường Tân Định,45
28737,Phường Đa Kao,45
28740,Phường Bến Nghé,45
28743,Phường Bến Thành,45
28746,Phường Nguyễn Thái Bình,45
28749,Phường Phạm Ngũ Lão,45
28752,Phường Cầu Ông Lãnh,45
28755,Phường Cô Giang,45
28758,Phường Nguyễn Cư Trinh,45
28761,Phường Cầu Kho,45
28764,Phường Thạnh Xuân,45
28767,Phường Thạnh Lộc,45
28770,Phường Hiệp Thành,45
28773,Phường Thới An,45
28776,Phường Tân Chánh Hiệp,45
28779,Phường An Phú Đông,45
28782,Phường Tân Thới Hiệp,45
28785,Phường Trung Mỹ Tây,45
28787,Phường Tân Hưng Thuận,45
28788,Phường Đông Hưng Thuận,45
28791,Phường Tân Thới Nhất,45
28872,Phường 15,45
28875,Phường 17,45
28876,Phường 6,45
28878,Phường 16,45
28881,Phường 12,45
28882,Phường 14,45
28884,Phường 10,45
28887,Phường 5,45
28890,Phường 1,45
28898,Phường 8,45
28899,Phường 11,45
28902,Phường 3,45
28905,Phường 13,45
28908,Phường 11,45
28911,Phường 27,45
28914,Phường 26,45
28917,Phường 12,45
28920,Phường 25,45
28923,Phường 5,45
28926,Phường 7,45
28929,Phường 14,45
28941,Phường 2,45
28944,Phường 1,45
28950,Phường 17,45
28953,Phường 19,45
28956,Phường 22,45
28962,Phường 28,45
28965,Phường 2,45
28968,Phường 4,45
28971,Phường 12,45
28974,Phường 13,45
28977,Phường 1,45
28980,Phường 3,45
28983,Phường 11,45
28986,Phường 7,45
28989,Phường 5,45
28992,Phường 10,45
28995,Phường 6,45
28998,Phường 8,45
29001,Phường 9,45
29004,Phường 14,45
29007,Phường 15,45
29010,Phường Tân Sơn Nhì,45
29013,Phường Tây Thạnh,45
29016,Phường Sơn Kỳ,45
29019,Phường Tân Quý,45
29022,Phường Tân Thành,45
29025,Phường Phú Thọ Hòa,45
29028,Phường Phú Thạnh,45
29031,Phường Phú Trung,45
29034,Phường Hòa Thạnh,45
29037,Phường Hiệp Tân,45
29040,Phường Tân Thới Hòa,45
29043,Phường 4,45
29046,Phường 5,45
29049,Phường 9,45
29052,Phường 7,45
29058,Phường 1,45
29061,Phường 2,45
29064,Phường 8,45
29070,Phường 10,45
29073,Phường 11,45
29076,Phường 15,45
29085,Phường 13,45
28794,Phường Linh Xuân,45
28797,Phường Bình Chiểu,45
28800,Phường Linh Trung,45
28803,Phường Tam Bình,45
28806,Phường Tam Phú,45
28809,Phường Hiệp Bình Phước,45
28812,Phường Hiệp Bình Chánh,45
28815,Phường Linh Chiểu,45
28818,Phường Linh Tây,45
28821,Phường Linh Đông,45
28824,Phường Bình Thọ,45
28827,Phường Trường Thọ,45
28830,Phường Long Bình,45
28833,Phường Long Thạnh Mỹ,45
28836,Phường Tân Phú,45
28839,Phường Hiệp Phú,45
28842,Phường Tăng Nhơn Phú A,45
28845,Phường Tăng Nhơn Phú B,45
28848,Phường Phước Long B,45
28851,Phường Phước Long A,45
28854,Phường Trường Thạnh,45
28857,Phường Long Phước,45
28860,Phường Long Trường,45
28863,Phường Phước Bình,45
28866,Phường Phú Hữu,45
29088,Phường Thảo Điền,45
29091,Phường An Phú,45
29094,Phường An Khánh,45
29097,Phường Bình Trưng Đông,45
29100,Phường Bình Trưng Tây,45
29109,Phường Cát Lái,45
29112,Phường Thạnh Mỹ Lợi,45
29115,Phường An Lợi Đông,45
29118,Phường Thủ Thiêm,45
29127,Phường 14,45
29130,Phường 12,45
29133,Phường 11,45
29139,Phường Võ Thị Sáu,45
29142,Phường 9,45
29148,Phường 4,45
29151,Phường 5,45
29154,Phường 3,45
29157,Phường 2,45
29160,Phường 1,45
29163,Phường 15,45
29166,Phường 13,45
29169,Phường 14,45
29172,Phường 12,45
29178,Phường 10,45
29181,Phường 9,45
29184,Phường 1,45
29187,Phường 8,45
29190,Phường 2,45
29193,Phường 4,45
29202,Phường 6,45
29208,Phường 15,45
29211,Phường 5,45
29214,Phường 14,45
29220,Phường 3,45
29226,Phường 11,45
29229,Phường 8,45
29232,Phường 10,45
29238,Phường 7,45
29247,Phường 1,45
29253,Phường 16,45
29259,Phường 13,45
29265,Phường 9,45
29271,Phường 8,45
29277,Phường 18,45
29283,Phường 4,45
29286,Phường 3,45
29289,Phường 16,45
29292,Phường 2,45
29295,Phường 15,45
29298,Phường 1,45
29301,Phường 4,45
29304,Phường 9,45
29307,Phường 2,45
29310,Phường 12,45
29316,Phường 7,45
29325,Phường 1,45
29328,Phường 11,45
29331,Phường 14,45
29334,Phường 5,45
29343,Phường 13,45
29346,Phường 14,45
29349,Phường 13,45
29352,Phường 9,45
29358,Phường 12,45
29364,Phường 11,45
29367,Phường 2,45
29373,Phường 1,45
29376,Phường 8,45
29382,Phường 7,45
29385,Phường 10,45
29397,Phường Rạch Ông,45
29403,Phường Hưng Phú,45
29409,Phường 4,45
29415,Phường Xóm Củi,45
29418,Phường 5,45
29421,Phường 14,45
29424,Phường 6,45
29427,Phường 15,45
29430,Phường 16,45
29433,Phường 7,45
29436,Phường Bình Hưng Hòa,45
29439,Phường Bình Hưng Hoà A,45
29442,Phường Bình Hưng Hoà B,45
29445,Phường Bình Trị Đông,45
29448,Phường Bình Trị Đông A,45
29451,Phường Bình Trị Đông B,45
29454,Phường Tân Tạo,45
29457,Phường Tân Tạo A,45
29460,Phường An Lạc,45
29463,Phường An Lạc A,45
29466,Phường Tân Thuận Đông,45
29469,Phường Tân Thuận Tây,45
29472,Phường Tân Kiểng,45
29475,Phường Tân Hưng,45
29478,Phường Bình Thuận,45
29481,Phường Tân Quy,45
29484,Phường Phú Thuận,45
29487,Phường Tân Phú,45
29490,Phường Tân Phong,45
29493,Phường Phú Mỹ,45
29496,Thị trấn Củ Chi,45
29499,Xã Phú Mỹ Hưng,45
29502,Xã An Phú,45
29505,Xã Trung Lập Thượng,45
29508,Xã An Nhơn Tây,45
29511,Xã Nhuận Đức,45
29514,Xã Phạm Văn Cội,45
29517,Xã Phú Hòa Đông,45
29520,Xã Trung Lập Hạ,45
29523,Xã Trung An,45
29526,Xã Phước Thạnh,45
29529,Xã Phước Hiệp,45
29532,Xã Tân An Hội,45
29535,Xã Phước Vĩnh An,45
29538,Xã Thái Mỹ,45
29541,Xã Tân Thạnh Tây,45
29544,Xã Hòa Phú,45
29547,Xã Tân Thạnh Đông,45
29550,Xã Bình Mỹ,45
29553,Xã Tân Phú Trung,45
29556,Xã Tân Thông Hội,45
29559,Thị trấn Hóc Môn,45
29562,Xã Tân Hiệp,45
29565,Xã Nhị Bình,45
29568,Xã Đông Thạnh,45
29571,Xã Tân Thới Nhì,45
29574,Xã Thới Tam Thôn,45
29577,Xã Xuân Thới Sơn,45
29580,Xã Tân Xuân,45
29583,Xã Xuân Thới Đông,45
29586,Xã Trung Chánh,45
29589,Xã Xuân Thới Thượng,45
29592,Xã Bà Điểm,45
29595,Thị trấn Tân Túc,45
29598,Xã Phạm Văn Hai,45
29601,Xã Vĩnh Lộc A,45
29604,Xã Vĩnh Lộc B,45
29607,Xã Bình Lợi,45
29610,Xã Lê Minh Xuân,45
29613,Xã Tân Nhựt,45
29616,Xã Tân Kiên,45
29619,Xã Bình Hưng,45
29622,Xã Phong Phú,45
29625,Xã An Phú Tây,45
29628,Xã Hưng Long,45
29631,Xã Đa Phước,45
29634,Xã Tân Quý Tây,45
29637,Xã Bình Chánh,45
29640,Xã Quy Đức,45
29643,Thị trấn Nhà Bè,45
29646,Xã Phước Kiển,45
29649,Xã Phước Lộc,45
29652,Xã Nhơn Đức,45
29655,Xã Phú Xuân,45
29658,Xã Long Thới,45
29661,Xã Hiệp Phước,45
29664,Thị trấn Cần Thạnh,45
29667,Xã Bình Khánh,45
29670,Xã Tam Thôn Hiệp,45
29673,Xã An Thới Đông,45
29676,Xã Thạnh An,45
29679,Xã Long Hòa,45
29682,Xã Lý Nhơn,45
29685,Phường 5,58
29691,Phường 4,58
29692,Phường Tân Khánh,58
29694,Phường 1,58
29697,Phường 3,58
29698,Phường 7,58
29700,Phường 6,58
29703,Xã Hướng Thọ Phú,58
29706,Xã Nhơn Thạnh Trung,58
29709,Xã Lợi Bình Nhơn,58
29712,Xã Bình Tâm,58
29715,Phường Khánh Hậu,58
29718,Xã An Vĩnh Ngãi,58
29787,Phường 1,58
29788,Phường 2,58
29790,Xã Thạnh Trị,58
29793,Xã Bình Hiệp,58
29799,Xã Bình Tân,58
29805,Xã Tuyên Thạnh,58
29806,Phường 3,58
29817,Xã Thạnh Hưng,58
29721,Thị trấn Tân Hưng,58
29724,Xã Hưng Hà,58
29727,Xã Hưng Điền B,58
29730,Xã Hưng Điền,58
29733,Xã Thạnh Hưng,58
29736,Xã Hưng Thạnh,58
29739,Xã Vĩnh Thạnh,58
29742,Xã Vĩnh Châu B,58
29745,Xã Vĩnh Lợi,58
29748,Xã Vĩnh Đại,58
29751,Xã Vĩnh Châu A,58
29754,Xã Vĩnh Bửu,58
29757,Thị trấn Vĩnh Hưng,58
29760,Xã Hưng Điền A,58
29763,Xã Khánh Hưng,58
29766,Xã Thái Trị,58
29769,Xã Vĩnh Trị,58
29772,Xã Thái Bình Trung,58
29775,Xã Vĩnh Bình,58
29778,Xã Vĩnh Thuận,58
29781,Xã Tuyên Bình,58
29784,Xã Tuyên Bình Tây,58
29796,Xã Bình Hòa Tây,58
29802,Xã Bình Thạnh,58
29808,Xã Bình Hòa Trung,58
29811,Xã Bình Hòa Đông,58
29814,Thị trấn Bình Phong Thạnh,58
29820,Xã Tân Lập,58
29823,Xã Tân Thành,58
29826,Thị trấn Tân Thạnh,58
29829,Xã Bắc Hòa,58
29832,Xã Hậu Thạnh Tây,58
29835,Xã Nhơn Hòa Lập,58
29838,Xã Tân Lập,58
29841,Xã Hậu Thạnh Đông,58
29844,Xã Nhơn Hoà,58
29847,Xã Kiến Bình,58
29850,Xã Tân Thành,58
29853,Xã Tân Bình,58
29856,Xã Tân Ninh,58
29859,Xã Nhơn Ninh,58
29862,Xã Tân Hòa,58
29865,Thị trấn Thạnh Hóa,58
29868,Xã Tân Hiệp,58
29871,Xã Thuận Bình,58
29874,Xã Thạnh Phước,58
29877,Xã Thạnh Phú,58
29880,Xã Thuận Nghĩa Hòa,58
29883,Xã Thủy Đông,58
29886,Xã Thủy Tây,58
29889,Xã Tân Tây,58
29892,Xã Tân Đông,58
29895,Xã Thạnh An,58
29898,Thị trấn Đông Thành,58
29901,Xã Mỹ Quý Đông,58
29904,Xã Mỹ Thạnh Bắc,58
29907,Xã Mỹ Quý Tây,58
29910,Xã Mỹ Thạnh Tây,58
29913,Xã Mỹ Thạnh Đông,58
29916,Xã Bình Thành,58
29919,Xã Bình Hòa Bắc,58
29922,Xã Bình Hòa Hưng,58
29925,Xã Bình Hòa Nam,58
29928,Xã Mỹ Bình,58
29931,Thị trấn Hậu Nghĩa,58
29934,Thị trấn Hiệp Hòa,58
29937,Thị trấn Đức Hòa,58
29940,Xã Lộc Giang,58
29943,Xã An Ninh Đông,58
29946,Xã An Ninh Tây,58
29949,Xã Tân Mỹ,58
29952,Xã Hiệp Hòa,58
29955,Xã Đức Lập Thượng,58
29958,Xã Đức Lập Hạ,58
29961,Xã Tân Phú,58
29964,Xã Mỹ Hạnh Bắc,58
29967,Xã Đức Hòa Thượng,58
29970,Xã Hòa Khánh Tây,58
29973,Xã Hòa Khánh Đông,58
29976,Xã Mỹ Hạnh Nam,58
29979,Xã Hòa Khánh Nam,58
29982,Xã Đức Hòa Đông,58
29985,Xã Đức Hòa Hạ,58
29988,Xã Hựu Thạnh,58
29991,Thị trấn Bến Lức,58
29994,Xã Thạnh Lợi,58
29997,Xã Lương Bình,58
30000,Xã Thạnh Hòa,58
30003,Xã Lương Hòa,58
30009,Xã Tân Bửu,58
30012,Xã An Thạnh,58
30015,Xã Bình Đức,58
30018,Xã Mỹ Yên,58
30021,Xã Thanh Phú,58
30024,Xã Long Hiệp,58
30027,Xã Thạnh Đức,58
30030,Xã Phước Lợi,58
30033,Xã Nhựt Chánh,58
30036,Thị trấn Thủ Thừa,58
30039,Xã Long Thạnh,58
30042,Xã Tân Thành,58
30045,Xã Long Thuận,58
30048,Xã Mỹ Lạc,58
30051,Xã Mỹ Thạnh,58
30054,Xã Bình An,58
30057,Xã Nhị Thành,58
30060,Xã Mỹ An,58
30063,Xã Bình Thạnh,58
30066,Xã Mỹ Phú,58
30072,Xã Tân Long,58
30075,Thị trấn Tân Trụ,58
30078,Xã Tân Bình,58
30084,Xã Quê Mỹ Thạnh,58
30087,Xã Lạc Tấn,58
30090,Xã Bình Trinh Đông,58
30093,Xã Tân Phước Tây,58
30096,Xã Bình Lãng,58
30099,Xã Bình Tịnh,58
30102,Xã Đức Tân,58
30105,Xã Nhựt Ninh,58
30108,Thị trấn Cần Đước,58
30111,Xã Long Trạch,58
30114,Xã Long Khê,58
30117,Xã Long Định,58
30120,Xã Phước Vân,58
30123,Xã Long Hòa,58
30126,Xã Long Cang,58
30129,Xã Long Sơn,58
30132,Xã Tân Trạch,58
30135,Xã Mỹ Lệ,58
30138,Xã Tân Lân,58
30141,Xã Phước Tuy,58
30144,Xã Long Hựu Đông,58
30147,Xã Tân Ân,58
30150,Xã Phước Đông,58
30153,Xã Long Hựu Tây,58
30156,Xã Tân Chánh,58
30159,Thị trấn Cần Giuộc,58
30162,Xã Phước Lý,58
30165,Xã Long Thượng,58
30168,Xã Long Hậu,58
30174,Xã Phước Hậu,58
30177,Xã Mỹ Lộc,58
30180,Xã Phước Lại,58
30183,Xã Phước Lâm,58
30189,Xã Thuận Thành,58
30192,Xã Phước Vĩnh Tây,58
30195,Xã Phước Vĩnh Đông,58
30198,Xã Long An,58
30201,Xã Long Phụng,58
30204,Xã Đông Thạnh,58
30207,Xã Tân Tập,58
30210,Thị trấn Tầm Vu,58
30213,Xã Bình Quới,58
30216,Xã Hòa Phú,58
30219,Xã Phú Ngãi Trị,58
30222,Xã Vĩnh Công,58
30225,Xã Thuận Mỹ,58
30228,Xã Hiệp Thạnh,58
30231,Xã Phước Tân Hưng,58
30234,Xã Thanh Phú Long,58
30237,Xã Dương Xuân Hội,58
30240,Xã An Lục Long,58
30243,Xã Long Trì,58
30246,Xã Thanh Vĩnh Đông,58
30249,Phường 5,60
30252,Phường 4,60
30261,Phường 1,60
30264,Phường 2,60
30270,Phường 6,60
30273,Phường 9,60
30276,Phường 10,60
30279,Phường Tân Long,60
30282,Xã Đạo Thạnh,60
30285,Xã Trung An,60
30288,Xã Mỹ Phong,60
30291,Xã Tân Mỹ Chánh,60
30567,Xã Phước Thạnh,60
30591,Xã Thới Sơn,60
30297,Phường 2,60
30300,Phường 1,60
30306,Phường 5,60
30309,Phường Long Hưng,60
30312,Phường Long Thuận,60
30315,Phường Long Chánh,60
30318,Phường Long Hòa,60
30708,Xã Bình Đông,60
30717,Xã Bình Xuân,60
30729,Xã Tân Trung,60
30435,Phường 1,60
30436,Phường 2,60
30437,Phường 3,60
30439,Phường 4,60
30440,Phường 5,60
30447,Xã Mỹ Phước Tây,60
30450,Xã Mỹ Hạnh Đông,60
30453,Xã Mỹ Hạnh Trung,60
30459,Xã Tân Phú,60
30462,Xã Tân Bình,60
30468,Xã Tân Hội,60
30474,Phường Nhị Mỹ,60
30477,Xã Nhị Quý,60
30480,Xã Thanh Hòa,60
30483,Xã Phú Quý,60
30486,Xã Long Khánh,60
30321,Thị trấn Mỹ Phước,60
30324,Xã Tân Hòa Đông,60
30327,Xã Thạnh Tân,60
30330,Xã Thạnh Mỹ,60
30333,Xã Thạnh Hoà,60
30336,Xã Phú Mỹ,60
30339,Xã Tân Hòa Thành,60
30342,Xã Hưng Thạnh,60
30345,Xã Tân Lập 1,60
30348,Xã Tân Hòa Tây,60
30354,Xã Tân Lập 2,60
30357,Xã Phước Lập,60
30360,Thị trấn Cái Bè,60
30363,Xã Hậu Mỹ Bắc B,60
30366,Xã Hậu Mỹ Bắc A,60
30369,Xã Mỹ Trung,60
30372,Xã Hậu Mỹ Trinh,60
30375,Xã Hậu Mỹ Phú,60
30378,Xã Mỹ Tân,60
30381,Xã Mỹ Lợi B,60
30384,Xã Thiện Trung,60
30387,Xã Mỹ Hội,60
30390,Xã An Cư,60
30393,Xã Hậu Thành,60
30396,Xã Mỹ Lợi A,60
30399,Xã Hòa Khánh,60
30402,Xã Thiện Trí,60
30405,Xã Mỹ Đức Đông,60
30408,Xã Mỹ Đức Tây,60
30411,Xã Đông Hòa Hiệp,60
30414,Xã An Thái Đông,60
30417,Xã Tân Hưng,60
30420,Xã Mỹ Lương,60
30423,Xã Tân Thanh,60
30426,Xã An Thái Trung,60
30429,Xã An Hữu,60
30432,Xã Hòa Hưng,60
30438,Xã Thạnh Lộc,60
30441,Xã Mỹ Thành Bắc,60
30444,Xã Phú Cường,60
30456,Xã Mỹ Thành Nam,60
30465,Xã Phú Nhuận,60
30471,Thị trấn Bình Phú,60
30489,Xã Cẩm Sơn,60
30492,Xã Phú An,60
30495,Xã Mỹ Long,60
30498,Xã Long Tiên,60
30501,Xã Hiệp Đức,60
30504,Xã Long Trung,60
30507,Xã Hội Xuân,60
30510,Xã Tân Phong,60
30513,Xã Tam Bình,60
30516,Xã Ngũ Hiệp,60
30519,Thị trấn Tân Hiệp,60
30522,Xã Tân Hội Đông,60
30525,Xã Tân Hương,60
30528,Xã Tân Lý Đông,60
30534,Xã Thân Cửu Nghĩa,60
30537,Xã Tam Hiệp,60
30540,Xã Điềm Hy,60
30543,Xã Nhị Bình,60
30549,Xã Đông Hòa,60
30552,Xã Long Định,60
30558,Xã Long An,60
30561,Xã Long Hưng,60
30564,Xã Bình Trưng,60
30570,Xã Thạnh Phú,60
30573,Xã Bàn Long,60
30576,Xã Vĩnh Kim,60
30579,Xã Bình Đức,60
30582,Xã Song Thuận,60
30585,Xã Kim Sơn,60
30588,Xã Phú Phong,60
30594,Thị trấn Chợ Gạo,60
30597,Xã Trung Hòa,60
30600,Xã Hòa Tịnh,60
30603,Xã Mỹ Tịnh An,60
30606,Xã Tân Bình Thạnh,60
30609,Xã Phú Kiết,60
30612,Xã Lương Hòa Lạc,60
30615,Xã Thanh Bình,60
30618,Xã Quơn Long,60
30621,Xã Bình Phục Nhứt,60
30624,Xã Đăng Hưng Phước,60
30627,Xã Tân Thuận Bình,60
30630,Xã Song Bình,60
30633,Xã Bình Phan,60
30636,Xã Long Bình Điền,60
30639,Xã An Thạnh Thủy,60
30642,Xã Xuân Đông,60
30645,Xã Hòa Định,60
30648,Xã Bình Ninh,60
30651,Thị trấn Vĩnh Bình,60
30654,Xã Đồng Sơn,60
30657,Xã Bình Phú,60
30660,Xã Đồng Thạnh,60
30663,Xã Thành Công,60
30666,Xã Bình Nhì,60
30669,Xã Yên Luông,60
30672,Xã Thạnh Trị,60
30675,Xã Thạnh Nhựt,60
30678,Xã Long Vĩnh,60
30681,Xã Bình Tân,60
30684,Xã Vĩnh Hựu,60
30687,Xã Long Bình,60
30702,Thị trấn Tân Hòa,60
30705,Xã Tăng Hoà,60
30711,Xã Tân Phước,60
30714,Xã Gia Thuận,60
30720,Thị trấn Vàm Láng,60
30723,Xã Tân Tây,60
30726,Xã Kiểng Phước,60
30732,Xã Tân Đông,60
30735,Xã Bình Ân,60
30738,Xã Tân Điền,60
30741,Xã Bình Nghị,60
30744,Xã Phước Trung,60
30747,Xã Tân Thành,60
30690,Xã Tân Thới,60
30693,Xã Tân Phú,60
30696,Xã Phú Thạnh,60
30699,Xã Tân Thạnh,60
30750,Xã Phú Đông,60
30753,Xã Phú Tân,60
30756,Phường Phú Khương,52
30757,Phường Phú Tân,52
30759,Phường 8,52
30762,Phường 6,52
30777,Phường An Hội,52
30780,Phường 7,52
30783,Xã Sơn Đông,52
30786,Xã Phú Hưng,52
30789,Xã Bình Phú,52
30792,Xã Mỹ Thạnh An,52
30795,Xã Nhơn Thạnh,52
30798,Xã Phú Nhuận,52
30804,Xã Tân Thạch,52
30807,Xã Qưới Sơn,52
30810,Thị trấn Châu Thành,52
30813,Xã Giao Long,52
30819,Xã Phú Túc,52
30822,Xã Phú Đức,52
30828,Xã An Phước,52
30831,Xã Tam Phước,52
30834,Xã Thành Triệu,52
30840,Xã Tân Phú,52
30843,Xã Quới Thành,52
30846,Xã Phước Thạnh,52
30852,Xã Tiên Long,52
30855,Xã Tường Đa,52
30858,Xã Hữu Định,52
30861,Thị trấn Tiên Thủy,52
30870,Thị trấn Chợ Lách,52
30873,Xã Phú Phụng,52
30876,Xã Sơn Định,52
30879,Xã Vĩnh Bình,52
30882,Xã Hòa Nghĩa,52
30885,Xã Long Thới,52
30888,Xã Phú Sơn,52
30891,Xã Tân Thiềng,52
30894,Xã Vĩnh Thành,52
30897,Xã Vĩnh Hòa,52
30900,Xã Hưng Khánh Trung B,52
30903,Thị trấn Mỏ Cày,52
30930,Xã Định Thủy,52
30939,Xã Đa Phước Hội,52
30940,Xã Tân Hội,52
30942,Xã Phước Hiệp,52
30945,Xã Bình Khánh ,52
30951,Xã An Thạnh,52
30957,Xã An Định,52
30960,Xã Thành Thới B,52
30963,Xã Tân Trung,52
30966,Xã An Thới,52
30969,Xã Thành Thới A,52
30972,Xã Minh Đức,52
30975,Xã Ngãi Đăng,52
30978,Xã Cẩm Sơn,52
30981,Xã Hương Mỹ,52
30984,Thị trấn Giồng Trôm,52
30987,Xã Phong Nẫm,52
30993,Xã Mỹ Thạnh,52
30996,Xã Châu Hòa,52
30999,Xã Lương Hòa,52
31002,Xã Lương Quới,52
31005,Xã Lương Phú,52
31008,Xã Châu Bình,52
31011,Xã Thuận Điền,52
31014,Xã Sơn Phú,52
31017,Xã Bình Hoà,52
31020,Xã Phước Long,52
31023,Xã Hưng Phong,52
31026,Xã Long Mỹ,52
31029,Xã Tân Hào,52
31032,Xã Bình Thành,52
31035,Xã Tân Thanh,52
31038,Xã Tân Lợi Thạnh,52
31041,Xã Thạnh Phú Đông,52
31044,Xã Hưng Nhượng,52
31047,Xã Hưng Lễ,52
31050,Thị trấn Bình Đại,52
31053,Xã Tam Hiệp,52
31056,Xã Long Định,52
31059,Xã Long Hòa,52
31062,Xã Phú Thuận,52
31065,Xã Vang Quới Tây,52
31068,Xã Vang Quới Đông,52
31071,Xã Châu Hưng,52
31077,Xã Lộc Thuận,52
31080,Xã Định Trung,52
31083,Xã Thới Lai,52
31086,Xã Bình Thới,52
31089,Xã Phú Long,52
31092,Xã Bình Thắng,52
31095,Xã Thạnh Trị,52
31098,Xã Đại Hòa Lộc,52
31101,Xã Thừa Đức,52
31104,Xã Thạnh Phước,52
31107,Xã Thới Thuận,52
31110,Thị trấn Ba Tri,52
31116,Xã Mỹ Hòa,52
31119,Xã Tân Xuân,52
31122,Xã Mỹ Chánh,52
31125,Xã Bảo Thạnh,52
31128,Xã An Phú Trung,52
31131,Xã Mỹ Thạnh,52
31134,Xã Mỹ Nhơn,52
31137,Xã Phước Ngãi,52
31143,Xã An Ngãi Trung,52
31146,Xã Phú Lễ,52
31149,Xã An Bình Tây,52
31152,Xã Bảo Thuận,52
31155,Xã Tân Hưng,52
31158,Xã An Ngãi Tây,52
31161,Xã An Hiệp,52
31164,Xã Vĩnh Hòa,52
31167,Xã Tân Thủy,52
31170,Xã Vĩnh An,52
31173,Xã An Đức,52
31176,Xã An Hòa Tây,52
31179,Thị trấn Tiệm Tôm,52
31182,Thị trấn Thạnh Phú,52
31185,Xã Phú Khánh,52
31188,Xã Đại Điền,52
31191,Xã Quới Điền,52
31194,Xã Tân Phong,52
31197,Xã Mỹ Hưng,52
31200,Xã An Thạnh,52
31203,Xã Thới Thạnh,52
31206,Xã Hòa Lợi,52
31209,Xã An Điền,52
31212,Xã Bình Thạnh,52
31215,Xã An Thuận,52
31218,Xã An Quy,52
31221,Xã Thạnh Hải,52
31224,Xã An Nhơn,52
31227,Xã Giao Thạnh,52
31230,Xã Thạnh Phong,52
31233,Xã Mỹ An,52
30889,Xã Phú Mỹ,52
30901,Xã Hưng Khánh Trung A,52
30906,Xã Thanh Tân,52
30909,Xã Thạnh Ngãi,52
30912,Xã Tân Phú Tây,52
30915,Thị trấn Phước Mỹ Trung,52
30918,Xã Tân Thành Bình,52
30921,Xã Thành An,52
30924,Xã Hòa Lộc,52
30927,Xã Tân Thanh Tây,52
30933,Xã Tân Bình,52
30936,Xã Nhuận Phú Tân,52
30948,Xã Khánh Thạnh Tân,52
31236,Phường 4,62
31239,Phường 1,62
31242,Phường 3,62
31248,Phường 5,62
31254,Phường 7,62
31257,Phường 8,62
31260,Phường 9,62
31263,Xã Long Đức,62
31266,Thị trấn Càng Long,62
31269,Xã Mỹ Cẩm,62
31272,Xã An Trường A,62
31275,Xã An Trường,62
31278,Xã Huyền Hội,62
31281,Xã Tân An,62
31284,Xã Tân Bình,62
31287,Xã Bình Phú,62
31290,Xã Phương Thạnh,62
31293,Xã Đại Phúc,62
31296,Xã Đại Phước,62
31299,Xã Nhị Long Phú,62
31302,Xã Nhị Long,62
31305,Xã Đức Mỹ,62
31308,Thị trấn Cầu Kè,62
31311,Xã Hòa Ân,62
31314,Xã Châu Điền,62
31317,Xã An Phú Tân,62
31320,Xã Hoà Tân,62
31323,Xã Ninh Thới,62
31326,Xã Phong Phú,62
31329,Xã Phong Thạnh,62
31332,Xã Tam Ngãi,62
31335,Xã Thông Hòa,62
31338,Xã Thạnh Phú,62
31341,Thị trấn Tiểu Cần,62
31344,Thị trấn Cầu Quan,62
31347,Xã Phú Cần,62
31350,Xã Hiếu Tử,62
31353,Xã Hiếu Trung,62
31356,Xã Long Thới,62
31359,Xã Hùng Hòa,62
31362,Xã Tân Hùng,62
31365,Xã Tập Ngãi,62
31368,Xã Ngãi Hùng,62
31371,Xã Tân Hòa,62
31374,Thị trấn Châu Thành,62
31377,Xã Đa Lộc,62
31380,Xã Mỹ Chánh,62
31383,Xã Thanh Mỹ,62
31386,Xã Lương Hoà A,62
31389,Xã Lương Hòa,62
31392,Xã Song Lộc,62
31395,Xã Nguyệt Hóa,62
31398,Xã Hòa Thuận,62
31401,Xã Hòa Lợi,62
31404,Xã Phước Hảo,62
31407,Xã Hưng Mỹ,62
31410,Xã Hòa Minh,62
31413,Xã Long Hòa,62
31416,Thị trấn Cầu Ngang,62
31419,Thị trấn Mỹ Long,62
31422,Xã Mỹ Long Bắc,62
31425,Xã Mỹ Long Nam,62
31428,Xã Mỹ Hòa,62
31431,Xã Vĩnh Kim,62
31434,Xã Kim Hòa,62
31437,Xã Hiệp Hòa,62
31440,Xã Thuận Hòa,62
31443,Xã Long Sơn,62
31446,Xã Nhị Trường,62
31449,Xã Trường Thọ,62
31452,Xã Hiệp Mỹ Đông,62
31455,Xã Hiệp Mỹ Tây,62
31458,Xã Thạnh Hòa Sơn,62
31461,Thị trấn Trà Cú,62
31462,Thị trấn Định An,62
31464,Xã Phước Hưng,62
31467,Xã Tập Sơn,62
31470,Xã Tân Sơn,62
31473,Xã An Quảng Hữu,62
31476,Xã Lưu Nghiệp Anh,62
31479,Xã Ngãi Xuyên,62
31482,Xã Kim Sơn,62
31485,Xã Thanh Sơn,62
31488,Xã Hàm Giang,62
31489,Xã Hàm Tân,62
31491,Xã Đại An,62
31494,Xã Định An,62
31503,Xã Ngọc Biên,62
31506,Xã Long Hiệp,62
31509,Xã Tân Hiệp,62
31497,Xã Đôn Xuân,62
31500,Xã Đôn Châu,62
31513,Thị trấn Long Thành,62
31521,Xã Long Khánh,62
31530,Xã Ngũ Lạc,62
31533,Xã Long Vĩnh,62
31536,Xã Đông Hải,62
31512,Phường 1,62
31515,Xã Long Toàn,62
31516,Phường 2,62
31518,Xã Long Hữu,62
31524,Xã Dân Thành,62
31527,Xã Trường Long Hòa,62
31539,Xã Hiệp Thạnh,62
31542,Phường 9,63
31545,Phường 5,63
31551,Phường 1,63
31554,Phường 4,63
31557,Phường 3,63
31560,Phường 8,63
31563,Phường Tân Ngãi,63
31566,Phường Tân Hòa,63
31569,Phường Tân Hội,63
31572,Phường Trường An,63
31578,Xã Đồng Phú,63
31581,Xã Bình Hòa Phước,63
31584,Xã Hòa Ninh,63
31587,Xã An Bình,63
31590,Xã Thanh Đức,63
31593,Xã Tân Hạnh,63
31596,Xã Phước Hậu,63
31599,Xã Long Phước,63
31602,Thị trấn Long Hồ,63
31605,Xã Lộc Hòa,63
31608,Xã Long An,63
31611,Xã Phú Quới,63
31614,Xã Thạnh Quới,63
31617,Xã Hòa Phú,63
31623,Xã Mỹ An,63
31626,Xã Mỹ Phước,63
31629,Xã An Phước,63
31632,Xã Nhơn Phú,63
31635,Xã Long Mỹ,63
31638,Xã Hòa Tịnh,63
31641,Thị trấn Cái Nhum,63
31644,Xã Bình Phước,63
31647,Xã Chánh An,63
31650,Xã Tân An Hội,63
31653,Xã Tân Long,63
31656,Xã Tân Long Hội,63
31659,Thị trấn Vũng Liêm,63
31662,Xã Tân Quới Trung,63
31665,Xã Quới Thiện,63
31668,Xã Quới An,63
31671,Xã Trung Chánh,63
31674,Xã Tân An Luông,63
31677,Xã Thanh Bình,63
31680,Xã Trung Thành Tây,63
31683,Xã Trung Hiệp,63
31686,Xã Hiếu Phụng,63
31689,Xã Trung Thành Đông,63
31692,Xã Trung Thành,63
31695,Xã Trung Hiếu,63
31698,Xã Trung Ngãi,63
31701,Xã Hiếu Thuận,63
31704,Xã Trung Nghĩa,63
31707,Xã Trung An,63
31710,Xã Hiếu Nhơn,63
31713,Xã Hiếu Thành,63
31716,Xã Hiếu Nghĩa,63
31719,Thị trấn Tam Bình,63
31722,Xã Tân Lộc,63
31725,Xã Phú Thịnh,63
31728,Xã Hậu Lộc,63
31731,Xã Hòa Thạnh,63
31734,Xã Hoà Lộc,63
31737,Xã Phú Lộc,63
31740,Xã Song Phú,63
31743,Xã Hòa Hiệp,63
31746,Xã Mỹ Lộc,63
31749,Xã Tân Phú,63
31752,Xã Long Phú,63
31755,Xã Mỹ Thạnh Trung,63
31761,Xã Loan Mỹ,63
31764,Xã Ngãi Tứ,63
31767,Xã Bình Ninh,63
31770,Phường Cái Vồn,63
31771,Phường Thành Phước,63
31806,Xã Thuận An,63
31809,Xã Đông Thạnh,63
31812,Xã Đông Bình,63
31813,Phường Đông Thuận,63
31815,Xã Mỹ Hòa,63
31818,Xã Đông Thành,63
31821,Thị trấn Trà Ôn,63
31824,Xã Xuân Hiệp,63
31827,Xã Nhơn Bình,63
31830,Xã Hòa Bình,63
31833,Xã Thới Hòa,63
31836,Xã Trà Côn,63
31839,Xã Tân Mỹ,63
31842,Xã Hựu Thành,63
31845,Xã Vĩnh Xuân,63
31848,Xã Thuận Thới,63
31851,Xã Phú Thành,63
31857,Xã Lục Sỹ Thành,63
31860,Xã Tích Thiện,63
31776,Xã Tân Thành,63
31779,Xã Thành Trung,63
31782,Xã Tân An Thạnh,63
31785,Xã Tân Lược,63
31788,Xã Nguyễn Văn Thảnh,63
31791,Xã Thành Lợi,63
31794,Xã Mỹ Thuận,63
31797,Xã Tân Bình,63
31800,Thị trấn Tân Quới,63
31869,Phường 1,54
31872,Phường 4,54
31875,Phường 3,54
31878,Phường 6,54
31881,Phường Mỹ Ngãi,54
31884,Xã Mỹ Tân,54
31887,Xã Mỹ Trà,54
31888,Phường Mỹ Phú,54
31890,Xã Tân Thuận Tây,54
31892,Phường Hoà Thuận,54
31893,Xã Hòa An,54
31896,Xã Tân Thuận Đông,54
31899,Xã Tịnh Thới,54
31902,Phường 3,54
31905,Phường 1,54
31908,Phường 4,54
31911,Phường 2,54
31914,Xã Tân Khánh Đông,54
31917,Phường Tân Quy Đông,54
31919,Phường An Hoà,54
31920,Xã Tân Quy Tây,54
31923,Xã Tân Phú Đông,54
31954,Phường An Lộc,54
31955,Phường An Thạnh,54
31959,Xã Bình Thạnh,54
31965,Xã Tân Hội,54
31978,Phường An Lạc,54
31986,Phường An Bình B,54
31989,Phường An Bình A,54
31926,Thị trấn Sa Rài,54
31929,Xã Tân Hộ Cơ,54
31932,Xã Thông Bình,54
31935,Xã Bình Phú,54
31938,Xã Tân Thành A,54
31941,Xã Tân Thành B,54
31944,Xã Tân Phước,54
31947,Xã Tân Công Chí,54
31950,Xã An Phước,54
31956,Xã Thường Phước 1,54
31962,Xã Thường Thới Hậu A,54
31971,Thị trấn Thường Thới Tiền,54
31974,Xã Thường Phước 2,54
31977,Xã Thường Lạc,54
31980,Xã Long Khánh A,54
31983,Xã Long Khánh B,54
31992,Xã Long Thuận,54
31995,Xã Phú Thuận B,54
31998,Xã Phú Thuận A,54
32001,Thị trấn Tràm Chim,54
32004,Xã Hoà Bình,54
32007,Xã Tân Công Sính,54
32010,Xã Phú Hiệp,54
32013,Xã Phú Đức,54
32016,Xã Phú Thành B,54
32019,Xã An Hòa,54
32022,Xã An Long,54
32025,Xã Phú Cường,54
32028,Xã Phú Ninh,54
32031,Xã Phú Thọ,54
32034,Xã Phú Thành A,54
32037,Thị trấn Mỹ An,54
32040,Xã Thạnh Lợi,54
32043,Xã Hưng Thạnh,54
32046,Xã Trường Xuân,54
32049,Xã Tân Kiều,54
32052,Xã Mỹ Hòa,54
32055,Xã Mỹ Quý,54
32058,Xã Mỹ Đông,54
32061,Xã Đốc Binh Kiều,54
32064,Xã Mỹ An,54
32067,Xã Phú Điền,54
32070,Xã Láng Biển,54
32073,Xã Thanh Mỹ,54
32076,Thị trấn Mỹ Thọ,54
32079,Xã Gáo Giồng,54
32082,Xã Phương Thịnh,54
32085,Xã Ba Sao,54
32088,Xã Phong Mỹ,54
32091,Xã Tân Nghĩa,54
32094,Xã Phương Trà,54
32097,Xã Nhị Mỹ,54
32100,Xã Mỹ Thọ,54
32103,Xã Tân Hội Trung,54
32106,Xã An Bình,54
32109,Xã Mỹ Hội,54
32112,Xã Mỹ Hiệp,54
32115,Xã Mỹ Long,54
32118,Xã Bình Hàng Trung,54
32121,Xã Mỹ Xương,54
32124,Xã Bình Hàng Tây,54
32127,Xã Bình Thạnh,54
32130,Thị trấn Thanh Bình,54
32133,Xã Tân Quới,54
32136,Xã Tân Hòa,54
32139,Xã An Phong,54
32142,Xã Phú Lợi,54
32145,Xã Tân Mỹ,54
32148,Xã Bình Tấn,54
32151,Xã Tân Huề,54
32154,Xã Tân Bình,54
32157,Xã Tân Thạnh,54
32160,Xã Tân Phú,54
32163,Xã Bình Thành,54
32166,Xã Tân Long,54
32169,Thị trấn Lấp Vò,54
32172,Xã Mỹ An Hưng A,54
32175,Xã Tân Mỹ,54
32178,Xã Mỹ An Hưng B,54
32181,Xã Tân Khánh Trung,54
32184,Xã Long Hưng A,54
32187,Xã Vĩnh Thạnh,54
32190,Xã Long Hưng B,54
32193,Xã Bình Thành,54
32196,Xã Định An,54
32199,Xã Định Yên,54
32202,Xã Hội An Đông,54
32205,Xã Bình Thạnh Trung,54
32208,Thị trấn Lai Vung,54
32211,Xã Tân Dương,54
32214,Xã Hòa Thành,54
32217,Xã Long Hậu,54
32220,Xã Tân Phước,54
32223,Xã Hòa Long,54
32226,Xã Tân Thành,54
32229,Xã Long Thắng,54
32232,Xã Vĩnh Thới,54
32235,Xã Tân Hòa,54
32238,Xã Định Hòa,54
32241,Xã Phong Hòa,54
32244,Thị trấn Cái Tàu Hạ,54
32247,Xã An Hiệp,54
32250,Xã An Nhơn,54
32253,Xã Tân Nhuận Đông,54
32256,Xã Tân Bình,54
32259,Xã Tân Phú Trung,54
32262,Xã Phú Long,54
32265,Xã An Phú Thuận,54
32268,Xã Phú Hựu,54
32271,Xã An Khánh,54
32274,Xã Tân Phú,54
32277,Xã Hòa Tân,54
32280,Phường Mỹ Bình,49
32283,Phường Mỹ Long,49
32286,Phường Mỹ Xuyên,49
32289,Phường Bình Đức,49
32292,Phường Bình Khánh,49
32295,Phường Mỹ Phước,49
32298,Phường Mỹ Quý,49
32301,Phường Mỹ Thới,49
32304,Phường Mỹ Thạnh,49
32307,Phường Mỹ Hòa,49
32310,Xã Mỹ Khánh,49
32313,Xã Mỹ Hoà Hưng,49
32316,Phường Châu Phú B,49
32319,Phường Châu Phú A,49
32322,Phường Vĩnh Mỹ,49
32325,Phường Núi Sam,49
32328,Phường Vĩnh Ngươn,49
32331,Xã Vĩnh Tế,49
32334,Xã Vĩnh Châu,49
32337,Thị trấn An Phú,49
32340,Xã Khánh An,49
32341,Thị trấn Long Bình,49
32343,Xã Khánh Bình,49
32346,Xã Quốc Thái,49
32349,Xã Nhơn Hội,49
32352,Xã Phú Hữu,49
32355,Xã Phú Hội,49
32358,Xã Phước Hưng,49
32361,Xã Vĩnh Lộc,49
32364,Xã Vĩnh Hậu,49
32367,Xã Vĩnh Trường,49
32370,Xã Vĩnh Hội Đông,49
32373,Thị trấn Đa Phước,49
32376,Phường Long Thạnh,49
32377,Phường Long Hưng,49
32378,Phường Long Châu,49
32379,Xã Phú Lộc,49
32382,Xã Vĩnh Xương,49
32385,Xã Vĩnh Hòa,49
32387,Xã Tân Thạnh,49
32388,Xã Tân An,49
32391,Xã Long An,49
32394,Phường Long Phú,49
32397,Xã Châu Phong,49
32400,Xã Phú Vĩnh,49
32403,Xã Lê Chánh,49
32412,Phường Long Sơn,49
32406,Thị trấn Phú Mỹ,49
32409,Thị trấn Chợ Vàm,49
32415,Xã Long Hoà,49
32418,Xã Phú Long,49
32421,Xã Phú Lâm,49
32424,Xã Phú Hiệp,49
32427,Xã Phú Thạnh,49
32430,Xã Hoà Lạc,49
32433,Xã Phú Thành,49
32436,Xã Phú An,49
32439,Xã Phú Xuân,49
32442,Xã Hiệp Xương,49
32445,Xã Phú Bình,49
32448,Xã Phú Thọ,49
32451,Xã Phú Hưng,49
32454,Xã Bình Thạnh Đông,49
32457,Xã Tân Hòa,49
32460,Xã Tân Trung,49
32463,Thị trấn Cái Dầu,49
32466,Xã Khánh Hòa,49
32469,Xã Mỹ Đức,49
32472,Xã Mỹ Phú,49
32475,Xã Ô Long Vỹ,49
32478,Thị trấn Vĩnh Thạnh Trung,49
32481,Xã Thạnh Mỹ Tây,49
32484,Xã Bình Long,49
32487,Xã Bình Mỹ,49
32490,Xã Bình Thủy,49
32493,Xã Đào Hữu Cảnh,49
32496,Xã Bình Phú,49
32499,Xã Bình Chánh,49
32502,Phường Nhà Bàng,49
32505,Phường Chi Lăng,49
32508,Phường Núi Voi,49
32511,Phường Nhơn Hưng,49
32514,Phường An Phú,49
32517,Phường Thới Sơn,49
32520,Phường Tịnh Biên,49
32523,Xã Văn Giáo,49
32526,Xã An Cư,49
32529,Xã An Nông,49
32532,Xã Vĩnh Trung,49
32535,Xã Tân Lợi,49
32538,Xã An Hảo,49
32541,Xã Tân Lập,49
32544,Thị trấn Tri Tôn,49
32547,Thị trấn Ba Chúc,49
32550,Xã Lạc Quới,49
32553,Xã Lê Trì,49
32556,Xã Vĩnh Gia,49
32559,Xã Vĩnh Phước,49
32562,Xã Châu Lăng,49
32565,Xã Lương Phi,49
32568,Xã Lương An Trà,49
32571,Xã Tà Đảnh,49
32574,Xã Núi Tô,49
32577,Xã An Tức,49
32580,Thị trấn Cô Tô,49
32583,Xã Tân Tuyến,49
32586,Xã Ô Lâm,49
32589,Thị trấn An Châu,49
32592,Xã An Hòa,49
32595,Xã Cần Đăng,49
32598,Xã Vĩnh Hanh,49
32601,Xã Bình Thạnh,49
32604,Thị trấn Vĩnh Bình,49
32607,Xã Bình Hòa,49
32610,Xã Vĩnh An,49
32613,Xã Hòa Bình Thạnh,49
32616,Xã Vĩnh Lợi,49
32619,Xã Vĩnh Nhuận,49
32622,Xã Tân Phú,49
32625,Xã Vĩnh Thành,49
32628,Thị trấn Chợ Mới,49
32631,Thị trấn Mỹ Luông,49
32634,Xã Kiến An,49
32637,Xã Mỹ Hội Đông,49
32640,Xã Long Điền A,49
32643,Xã Tấn Mỹ,49
32646,Xã Long Điền B,49
32649,Xã Kiến Thành,49
32652,Xã Mỹ Hiệp,49
32655,Xã Mỹ An,49
32658,Xã Nhơn Mỹ,49
32661,Xã Long Giang,49
32664,Xã Long Kiến,49
32667,Xã Bình Phước Xuân,49
32670,Xã An Thạnh Trung,49
32673,Thị trấn Hội An,49
32676,Xã Hòa Bình,49
32679,Xã Hòa An,49
32682,Thị trấn Núi Sập,49
32685,Thị trấn Phú Hoà,49
32688,Thị Trấn Óc Eo,49
32691,Xã Tây Phú,49
32692,Xã An Bình,49
32694,Xã Vĩnh Phú,49
32697,Xã Vĩnh Trạch,49
32700,Xã Phú Thuận,49
32703,Xã Vĩnh Chánh,49
32706,Xã Định Mỹ,49
32709,Xã Định Thành,49
32712,Xã Mỹ Phú Đông,49
32715,Xã Vọng Đông,49
32718,Xã Vĩnh Khánh,49
32721,Xã Thoại Giang,49
32724,Xã Bình Thành,49
32727,Xã Vọng Thê,49
32733,Phường Vĩnh Thanh,57
32736,Phường Vĩnh Quang,57
32739,Phường Vĩnh Hiệp,57
32742,Phường Vĩnh Thanh Vân,57
32745,Phường Vĩnh Lạc,57
32748,Phường An Hòa,57
32751,Phường An Bình,57
32754,Phường Rạch Sỏi,57
32757,Phường Vĩnh Lợi,57
32760,Phường Vĩnh Thông,57
32763,Xã Phi Thông,57
32766,Phường Tô Châu,57
32769,Phường Đông Hồ,57
32772,Phường Bình San,57
32775,Phường Pháo Đài,57
32778,Phường Mỹ Đức,57
32781,Xã Tiên Hải,57
32784,Xã Thuận Yên,57
32787,Thị trấn Kiên Lương,57
32790,Xã Kiên Bình,57
32802,Xã Hòa Điền,57
32805,Xã Dương Hòa,57
32808,Xã Bình An,57
32809,Xã Bình Trị,57
32811,Xã Sơn Hải,57
32814,Xã Hòn Nghệ,57
32817,Thị trấn Hòn Đất,57
32820,Thị trấn Sóc Sơn,57
32823,Xã Bình Sơn,57
32826,Xã Bình Giang,57
32828,Xã Mỹ Thái,57
32829,Xã Nam Thái Sơn,57
32832,Xã Mỹ Hiệp Sơn,57
32835,Xã Sơn Kiên,57
32836,Xã Sơn Bình,57
32838,Xã Mỹ Thuận,57
32840,Xã Lình Huỳnh,57
32841,Xã Thổ Sơn,57
32844,Xã Mỹ Lâm,57
32847,Xã Mỹ Phước,57
32850,Thị trấn Tân Hiệp,57
32853,Xã Tân Hội,57
32856,Xã Tân Thành,57
32859,Xã Tân Hiệp B,57
32860,Xã Tân Hoà,57
32862,Xã Thạnh Đông B,57
32865,Xã Thạnh Đông,57
32868,Xã Tân Hiệp A,57
32871,Xã Tân An,57
32874,Xã Thạnh Đông A,57
32877,Xã Thạnh Trị,57
32880,Thị trấn Minh Lương,57
32883,Xã Mong Thọ A,57
32886,Xã Mong Thọ B,57
32887,Xã Mong Thọ,57
32889,Xã Giục Tượng,57
32892,Xã Vĩnh Hòa Hiệp,57
32893,Xã Vĩnh Hoà Phú,57
32895,Xã Minh Hòa,57
32898,Xã Bình An,57
32901,Xã Thạnh Lộc,57
32904,Thị trấn Giồng Riềng,57
32907,Xã Thạnh Hưng,57
32910,Xã Thạnh Phước,57
32913,Xã Thạnh Lộc,57
32916,Xã Thạnh Hòa,57
32917,Xã Thạnh Bình,57
32919,Xã Bàn Thạch,57
32922,Xã Bàn Tân Định,57
32925,Xã Ngọc Thành,57
32928,Xã Ngọc Chúc,57
32931,Xã Ngọc Thuận,57
32934,Xã Hòa Hưng,57
32937,Xã Hoà Lợi,57
32940,Xã Hoà An,57
32943,Xã Long Thạnh,57
32946,Xã Vĩnh Thạnh,57
32947,Xã Vĩnh Phú,57
32949,Xã Hòa Thuận,57
32950,Xã Ngọc Hoà,57
32952,Thị trấn Gò Quao,57
32955,Xã Vĩnh Hòa Hưng Bắc,57
32958,Xã Định Hòa,57
32961,Xã Thới Quản,57
32964,Xã Định An,57
32967,Xã Thủy Liễu,57
32970,Xã Vĩnh Hòa Hưng Nam,57
32973,Xã Vĩnh Phước A,57
32976,Xã Vĩnh Phước B,57
32979,Xã Vĩnh Tuy,57
32982,Xã Vĩnh Thắng,57
32985,Thị trấn Thứ Ba,57
32988,Xã Tây Yên,57
32991,Xã Tây Yên A,57
32994,Xã Nam Yên,57
32997,Xã Hưng Yên,57
33000,Xã Nam Thái,57
33003,Xã Nam Thái A,57
33006,Xã Đông Thái,57
33009,Xã Đông Yên,57
33018,Thị trấn Thứ Mười Một,57
33021,Xã Thuận Hoà,57
33024,Xã Đông Hòa,57
33030,Xã Đông Thạnh,57
33031,Xã Tân Thạnh,57
33033,Xã Đông Hưng,57
33036,Xã Đông Hưng A,57
33039,Xã Đông Hưng B,57
33042,Xã Vân Khánh,57
33045,Xã Vân Khánh Đông,57
33048,Xã Vân Khánh Tây,57
33051,Thị trấn Vĩnh Thuận,57
33060,Xã Vĩnh Bình Bắc,57
33063,Xã Vĩnh Bình Nam,57
33064,Xã Bình Minh,57
33069,Xã Vĩnh Thuận,57
33072,Xã Tân Thuận,57
33074,Xã Phong Đông,57
33075,Xã Vĩnh Phong,57
33078,Phường Dương Đông,57
33081,Phường An Thới,57
33084,Xã Cửa Cạn,57
33087,Xã Gành Dầu,57
33090,Xã Cửa Dương,57
33093,Xã Hàm Ninh,57
33096,Xã Dương Tơ,57
33102,Xã Bãi Thơm,57
33105,Xã Thổ Châu,57
33108,Xã Hòn Tre,57
33111,Xã Lại Sơn,57
33114,Xã An Sơn,57
33115,Xã Nam Du,57
33012,Xã Thạnh Yên,57
33015,Xã Thạnh Yên A,57
33027,Xã An Minh Bắc,57
33054,Xã Vĩnh Hòa,57
33057,Xã Hoà Chánh,57
33066,Xã Minh Thuận,57
32791,Xã Vĩnh Phú,57
32793,Xã Vĩnh Điều,57
32796,Xã Tân Khánh Hòa,57
32797,Xã Phú Lợi,57
32799,Xã Phú Mỹ,57
33117,Phường Cái Khế,48
33120,Phường An Hòa,48
33123,Phường Thới Bình,48
33135,Phường Tân An,48
33144,Phường Xuân Khánh,48
33147,Phường Hưng Lợi,48
33149,Phường An Khánh,48
33150,Phường An Bình,48
33153,Phường Châu Văn Liêm,48
33154,Phường Thới Hòa,48
33156,Phường Thới Long,48
33157,Phường Long Hưng,48
33159,Phường Thới An,48
33162,Phường Phước Thới,48
33165,Phường Trường Lạc,48
33168,Phường Bình Thủy,48
33169,Phường Trà An,48
33171,Phường Trà Nóc,48
33174,Phường Thới An Đông,48
33177,Phường An Thới,48
33178,Phường Bùi Hữu Nghĩa,48
33180,Phường Long Hòa,48
33183,Phường Long Tuyền,48
33186,Phường Lê Bình,48
33189,Phường Hưng Phú,48
33192,Phường Hưng Thạnh,48
33195,Phường Ba Láng,48
33198,Phường Thường Thạnh,48
33201,Phường Phú Thứ,48
33204,Phường Tân Phú,48
33207,Phường Thốt Nốt,48
33210,Phường Thới Thuận,48
33212,Phường Thuận An,48
33213,Phường Tân Lộc,48
33216,Phường Trung Nhứt,48
33217,Phường Thạnh Hoà,48
33219,Phường Trung Kiên,48
33227,Phường Tân Hưng,48
33228,Phường Thuận Hưng,48
33211,Xã Vĩnh Bình,48
33231,Thị trấn Thanh An,48
33232,Thị trấn Vĩnh Thạnh,48
33234,Xã Thạnh Mỹ,48
33237,Xã Vĩnh Trinh,48
33240,Xã Thạnh An,48
33241,Xã Thạnh Tiến,48
33243,Xã Thạnh Thắng,48
33244,Xã Thạnh Lợi,48
33246,Xã Thạnh Quới,48
33252,Xã Thạnh Lộc,48
33222,Xã Trung An,48
33225,Xã Trung Thạnh,48
33249,Xã Thạnh Phú,48
33255,Xã Trung Hưng,48
33261,Thị trấn Cờ Đỏ,48
33264,Xã Thới Hưng,48
33273,Xã Đông Hiệp,48
33274,Xã Đông Thắng,48
33276,Xã Thới Đông,48
33277,Xã Thới Xuân,48
33299,Thị trấn Phong Điền,48
33300,Xã Nhơn Ái,48
33303,Xã Giai Xuân,48
33306,Xã Tân Thới,48
33309,Xã Trường Long,48
33312,Xã Mỹ Khánh,48
33315,Xã Nhơn Nghĩa,48
33258,Thị trấn Thới Lai,48
33267,Xã Thới Thạnh,48
33268,Xã Tân Thạnh,48
33270,Xã Xuân Thắng,48
33279,Xã Đông Bình,48
33282,Xã Đông Thuận,48
33285,Xã Thới Tân,48
33286,Xã Trường Thắng,48
33288,Xã Định Môn,48
33291,Xã Trường Thành,48
33294,Xã Trường Xuân,48
33297,Xã Trường Xuân A,48
33298,Xã Trường Xuân B,48
33318,Phường I,56
33321,Phường III,56
33324,Phường IV,56
33327,Phường V,56
33330,Phường VII,56
33333,Xã Vị Tân,56
33336,Xã Hoả Lựu,56
33338,Xã Tân Tiến,56
33339,Xã Hoả Tiến,56
33340,Phường Ngã Bảy,56
33341,Phường Lái Hiếu,56
33343,Phường Hiệp Thành,56
33344,Phường Hiệp Lợi,56
33411,Xã Đại Thành,56
33414,Xã Tân Thành,56
33342,Thị trấn Một Ngàn,56
33345,Xã Tân Hoà,56
33346,Thị trấn Bảy Ngàn,56
33348,Xã Trường Long Tây,56
33351,Xã Trường Long A,56
33357,Xã Nhơn Nghĩa A,56
33359,Thị trấn Rạch Gòi,56
33360,Xã Thạnh Xuân,56
33362,Thị trấn Cái Tắc,56
33363,Xã Tân Phú Thạnh,56
33366,Thị trấn Ngã Sáu,56
33369,Xã Đông Thạnh,56
33375,Xã Đông Phú,56
33378,Xã Phú Hữu,56
33379,Xã Phú Tân,56
33381,Thị trấn Mái Dầm,56
33384,Xã Đông Phước,56
33387,Xã Đông Phước A,56
33393,Thị trấn Kinh Cùng,56
33396,Thị trấn Cây Dương,56
33399,Xã Tân Bình,56
33402,Xã Bình Thành,56
33405,Xã Thạnh Hòa,56
33408,Xã Long Thạnh,56
33417,Xã Phụng Hiệp,56
33420,Xã Hòa Mỹ,56
33423,Xã Hòa An,56
33426,Xã Phương Bình,56
33429,Xã Hiệp Hưng,56
33432,Xã Tân Phước Hưng,56
33433,Thị trấn Búng Tàu,56
33435,Xã Phương Phú,56
33438,Xã Tân Long,56
33441,Thị trấn Nàng Mau,56
33444,Xã Vị Trung,56
33447,Xã Vị Thuỷ,56
33450,Xã Vị Thắng,56
33453,Xã Vĩnh Thuận Tây,56
33456,Xã Vĩnh Trung,56
33459,Xã Vĩnh Tường,56
33462,Xã Vị Đông,56
33465,Xã Vị Thanh,56
33468,Xã Vị Bình,56
33483,Xã Thuận Hưng,56
33484,Xã Thuận Hòa,56
33486,Xã Vĩnh Thuận Đông,56
33489,Thị trấn Vĩnh Viễn,56
33490,Xã Vĩnh Viễn A,56
33492,Xã Lương Tâm,56
33493,Xã Lương Nghĩa,56
33495,Xã Xà Phiên,56
33471,Phường Thuận An,56
33472,Phường Trà Lồng,56
33473,Phường Bình Thạnh,56
33474,Xã Long Bình,56
33475,Phường Vĩnh Tường,56
33477,Xã Long Trị,56
33478,Xã Long Trị A,56
33480,Xã Long Phú,56
33481,Xã Tân Phú,56
33498,Phường 5,59
33501,Phường 7,59
33504,Phường 8,59
33507,Phường 6,59
33510,Phường 2,59
33516,Phường 4,59
33519,Phường 3,59
33522,Phường 1,59
33525,Phường 10,59
33569,Thị trấn Châu Thành,59
33570,Xã Hồ Đắc Kiện,59
33573,Xã Phú Tâm,59
33576,Xã Thuận Hòa,59
33582,Xã Phú Tân,59
33585,Xã Thiện Mỹ,59
33594,Xã An Hiệp,59
33600,Xã An Ninh,59
33528,Thị trấn Kế Sách,59
33531,Thị trấn An Lạc Thôn,59
33534,Xã Xuân Hòa,59
33537,Xã Phong Nẫm,59
33540,Xã An Lạc Tây,59
33543,Xã Trinh Phú,59
33546,Xã Ba Trinh,59
33549,Xã Thới An Hội,59
33552,Xã Nhơn Mỹ,59
33555,Xã Kế Thành,59
33558,Xã Kế An,59
33561,Xã Đại Hải,59
33564,Xã An Mỹ,59
33567,Thị trấn Huỳnh Hữu Nghĩa,59
33579,Xã Long Hưng,59
33588,Xã Hưng Phú,59
33591,Xã Mỹ Hương,59
33597,Xã Mỹ Tú,59
33603,Xã Mỹ Phước,59
33606,Xã Thuận Hưng,59
33609,Xã Mỹ Thuận,59
33612,Xã Phú Mỹ,59
33615,Thị trấn Cù Lao Dung,59
33618,Xã An Thạnh 1,59
33621,Xã An Thạnh Tây,59
33624,Xã An Thạnh Đông,59
33627,Xã Đại Ân 1,59
33630,Xã An Thạnh 2,59
33633,Xã An Thạnh 3,59
33636,Xã An Thạnh Nam,59
33639,Thị trấn Long Phú,59
33642,Xã Song Phụng,59
33645,Thị trấn Đại Ngãi,59
33648,Xã Hậu Thạnh,59
33651,Xã Long Đức,59
33654,Xã Trường Khánh,59
33657,Xã Phú Hữu,59
33660,Xã Tân Hưng,59
33663,Xã Châu Khánh,59
33666,Xã Tân Thạnh,59
33669,Xã Long Phú,59
33684,Thị trấn Mỹ Xuyên,59
33690,Xã Đại Tâm,59
33693,Xã Tham Đôn,59
33708,Xã Thạnh Phú,59
33711,Xã Ngọc Đông,59
33714,Xã Thạnh Quới,59
33717,Xã Hòa Tú 1,59
33720,Xã Gia Hòa 1,59
33723,Xã Ngọc Tố,59
33726,Xã Gia Hòa 2,59
33729,Xã Hòa Tú II,59
33732,Phường 1,59
33735,Phường 2,59
33738,Xã Vĩnh Quới,59
33741,Xã Tân Long,59
33744,Xã Long Bình,59
33747,Phường 3,59
33750,Xã Mỹ Bình,59
33753,Xã Mỹ Quới,59
33756,Thị trấn Phú Lộc,59
33757,Thị trấn Hưng Lợi,59
33759,Xã Lâm Tân,59
33762,Xã Thạnh Tân,59
33765,Xã Lâm Kiết,59
33768,Xã Tuân Tức,59
33771,Xã Vĩnh Thành,59
33774,Xã Thạnh Trị,59
33777,Xã Vĩnh Lợi,59
33780,Xã Châu Hưng,59
33783,Phường 1,59
33786,Xã Hòa Đông,59
33789,Phường Khánh Hòa,59
33792,Xã Vĩnh Hiệp,59
33795,Xã Vĩnh Hải,59
33798,Xã Lạc Hòa,59
33801,Phường 2,59
33804,Phường Vĩnh Phước,59
33807,Xã Vĩnh Tân,59
33810,Xã Lai Hòa,59
33672,Xã Đại Ân 2,59
33673,Thị trấn Trần Đề,59
33675,Xã Liêu Tú,59
33678,Xã Lịch Hội Thượng,59
33679,Thị trấn Lịch Hội Thượng,59
33681,Xã Trung Bình,59
33687,Xã Tài Văn,59
33696,Xã Viên An,59
33699,Xã Thạnh Thới An,59
33702,Xã Thạnh Thới Thuận,59
33705,Xã Viên Bình,59
33813,Phường 2,50
33816,Phường 3,50
33819,Phường 5,50
33822,Phường 7,50
33825,Phường 1,50
33828,Phường 8,50
33831,Phường Nhà Mát,50
33834,Xã Vĩnh Trạch,50
33837,Xã Vĩnh Trạch Đông,50
33840,Xã Hiệp Thành,50
33843,Thị trấn Ngan Dừa,50
33846,Xã Ninh Quới,50
33849,Xã Ninh Quới A,50
33852,Xã Ninh Hòa,50
33855,Xã Lộc Ninh,50
33858,Xã Vĩnh Lộc,50
33861,Xã Vĩnh Lộc A,50
33863,Xã Ninh Thạnh Lợi A,50
33864,Xã Ninh Thạnh Lợi,50
33867,Thị trấn Phước Long,50
33870,Xã Vĩnh Phú Đông,50
33873,Xã Vĩnh Phú Tây,50
33876,Xã Phước Long,50
33879,Xã Hưng Phú,50
33882,Xã Vĩnh Thanh,50
33885,Xã Phong Thạnh Tây A,50
33888,Xã Phong Thạnh Tây B,50
33894,Xã Vĩnh Hưng,50
33897,Xã Vĩnh Hưng A,50
33900,Thị trấn Châu Hưng,50
33903,Xã Châu Hưng A,50
33906,Xã Hưng Thành,50
33909,Xã Hưng Hội,50
33912,Xã Châu Thới,50
33921,Xã Long Thạnh,50
33942,Phường 1,50
33945,Phường Hộ Phòng,50
33948,Xã Phong Thạnh Đông,50
33951,Phường Láng Tròn,50
33954,Xã Phong Tân,50
33957,Xã Tân Phong,50
33960,Xã Phong Thạnh,50
33963,Xã Phong Thạnh A,50
33966,Xã Phong Thạnh Tây,50
33969,Xã Tân Thạnh,50
33972,Thị trấn Gành Hào,50
33975,Xã Long Điền Đông,50
33978,Xã Long Điền Đông A,50
33981,Xã Long Điền,50
33984,Xã Long Điền Tây,50
33985,Xã Điền Hải,50
33987,Xã An Trạch,50
33988,Xã An Trạch A,50
33990,Xã An Phúc,50
33993,Xã Định Thành,50
33996,Xã Định Thành A,50
33891,Thị trấn Hòa Bình,50
33915,Xã Minh Diệu,50
33918,Xã Vĩnh Bình,50
33924,Xã Vĩnh Mỹ B,50
33927,Xã Vĩnh Hậu,50
33930,Xã Vĩnh Hậu A,50
33933,Xã Vĩnh Mỹ A,50
33936,Xã Vĩnh Thịnh,50
33999,Phường 9,53
34002,Phường 2,53
34005,Phường 1,53
34008,Phường 5,53
34014,Phường 8,53
34017,Phường 6,53
34020,Phường 7,53
34022,Phường Tân Xuyên,53
34023,Xã An Xuyên,53
34025,Phường Tân Thành,53
34026,Xã Tân Thành,53
34029,Xã Tắc Vân,53
34032,Xã Lý Văn Lâm,53
34035,Xã Định Bình,53
34038,Xã Hòa Thành,53
34041,Xã Hòa Tân,53
34044,Thị trấn U Minh,53
34047,Xã Khánh Hòa,53
34048,Xã Khánh Thuận,53
34050,Xã Khánh Tiến,53
34053,Xã Nguyễn Phích,53
34056,Xã Khánh Lâm,53
34059,Xã Khánh An,53
34062,Xã Khánh Hội,53
34065,Thị trấn Thới Bình,53
34068,Xã Biển Bạch,53
34069,Xã Tân Bằng,53
34071,Xã Trí Phải,53
34072,Xã Trí Lực,53
34074,Xã Biển Bạch Đông,53
34077,Xã Thới Bình,53
34080,Xã Tân Phú,53
34083,Xã Tân Lộc Bắc,53
34086,Xã Tân Lộc,53
34089,Xã Tân Lộc Đông,53
34092,Xã Hồ Thị Kỷ,53
34095,Thị trấn Trần Văn Thời,53
34098,Thị trấn Sông Đốc,53
34101,Xã Khánh Bình Tây Bắc,53
34104,Xã Khánh Bình Tây,53
34107,Xã Trần Hợi,53
34108,Xã Khánh Lộc,53
34110,Xã Khánh Bình,53
34113,Xã Khánh Hưng,53
34116,Xã Khánh Bình Đông,53
34119,Xã Khánh Hải,53
34122,Xã Lợi An,53
34124,Xã Phong Điền,53
34125,Xã Phong Lạc,53
34128,Thị trấn Cái Nước,53
34130,Xã Thạnh Phú,53
34131,Xã Lương Thế Trân,53
34134,Xã Phú Hưng,53
34137,Xã Tân Hưng,53
34140,Xã Hưng Mỹ,53
34141,Xã Hoà Mỹ,53
34142,Xã Đông Hưng,53
34143,Xã Đông Thới,53
34146,Xã Tân Hưng Đông,53
34149,Xã Trần Thới,53
34152,Thị trấn Đầm Dơi,53
34155,Xã Tạ An Khương,53
34158,Xã Tạ An Khương Đông,53
34161,Xã Trần Phán,53
34162,Xã Tân Trung,53
34164,Xã Tân Đức,53
34167,Xã Tân Thuận,53
34170,Xã Tạ An Khương Nam,53
34173,Xã Tân Duyệt,53
34174,Xã Tân Dân,53
34176,Xã Tân Tiến,53
34179,Xã Quách Phẩm Bắc,53
34182,Xã Quách Phẩm,53
34185,Xã Thanh Tùng,53
34186,Xã Ngọc Chánh,53
34188,Xã Nguyễn Huân,53
34191,Thị Trấn Năm Căn,53
34194,Xã Hàm Rồng,53
34197,Xã Hiệp Tùng,53
34200,Xã Đất Mới,53
34201,Xã Lâm Hải,53
34203,Xã Hàng Vịnh,53
34206,Xã Tam Giang,53
34209,Xã Tam Giang Đông,53
34212,Thị trấn Cái Đôi Vàm,53
34214,Xã Phú Thuận,53
34215,Xã Phú Mỹ,53
34218,Xã Phú Tân,53
34221,Xã Tân Hải,53
34224,Xã Việt Thắng,53
34227,Xã Tân Hưng Tây,53
34228,Xã Rạch Chèo,53
34230,Xã Nguyễn Việt Khái,53
34233,Xã Tam Giang Tây,53
34236,Xã Tân Ân Tây,53
34239,Xã Viên An Đông,53
34242,Xã Viên An,53
34244,Thị trấn Rạch Gốc,53
34245,Xã Tân Ân,53
34248,Xã Đất Mũi,53
